product_sku,product_brand,usage,gross_revenue,cust_id,age_26-45,age_46-65,age_<25,age_>65,sex_Female,sex_Male,sex_Other,income_$500-$1000,income_Above $1000,income_Under $500,state_IA,state_IL,state_IN,state_MN,state_MO,state_WI
AB,Circle,44.233805026666666,110.58451256666666,3,1,0,0,0,1,0,0,1,0,0,1,0,0,0,0,0
AB,Circle,51.924213429999995,129.81053355,2,1,0,0,0,1,0,0,1,0,0,0,0,0,0,1,0
AB,Circle,46.00003726,115.0000931,1,1,0,0,0,1,0,0,1,0,0,0,0,0,0,0,1
AB,Circle,52.461409190000005,131.15352296666666,3,1,0,0,0,1,0,0,0,1,0,0,0,0,0,1,0
AB,Circle,51.04471369,127.6117842,1,1,0,0,0,1,0,0,0,0,1,0,0,1,0,0,0
AB,Circle,60.5983081,151.4957703,1,1,0,0,0,1,0,0,0,0,1,0,0,0,1,0,0
AB,Circle,54.83502097666667,137.0875524216667,6,1,0,0,0,1,0,0,0,0,1,0,0,0,0,1,0
AB,Circle,57.43230365,143.5807591,1,1,0,0,0,0,1,0,1,0,0,0,0,0,0,1,0
AB,Circle,51.93716461,129.8429115,1,1,0,0,0,0,1,0,1,0,0,0,0,0,0,0,1
AB,Circle,52.24026416666667,130.60066043333333,3,1,0,0,0,0,1,0,0,1,0,0,0,0,0,1,0
AB,Circle,49.69445602333334,124.23614006666666,3,1,0,0,0,0,1,0,0,0,1,1,0,0,0,0,0
AB,Circle,50.6565353,126.6413383,1,1,0,0,0,0,1,0,0,0,1,0,0,1,0,0,0
AB,Circle,52.30637194,130.7659298,1,1,0,0,0,0,1,0,0,0,1,0,0,0,1,0,0
AB,Circle,56.94578765,142.3644691,4,1,0,0,0,0,1,0,0,0,1,0,0,0,0,1,0
AB,Circle,59.136720925,147.84180229999998,2,1,0,0,0,0,1,0,0,0,1,0,0,0,0,0,1
AB,Circle,34.36440687,85.91101717,1,1,0,0,0,0,0,1,1,0,0,1,0,0,0,0,0
AB,Circle,48.69066784666666,121.7266696,3,1,0,0,0,0,0,1,1,0,0,0,0,0,1,0,0
AB,Circle,55.17067264666667,137.9266816,3,1,0,0,0,0,0,1,1,0,0,0,0,0,0,1,0
AB,Circle,56.20191152,140.5047788,1,1,0,0,0,0,0,1,0,1,0,0,0,0,0,1,0
AB,Circle,46.890784804000006,117.22696203400001,5,1,0,0,0,0,0,1,0,0,1,0,0,0,1,0,0
AB,Circle,39.33888678666667,98.34721697666667,3,1,0,0,0,0,0,1,0,0,1,0,0,0,0,1,0
AB,Circle,47.783397532500004,119.4584938425,4,1,0,0,0,0,0,1,0,0,1,0,0,0,0,0,1
AB,Circle,45.96346583,114.9086646,1,0,1,0,0,1,0,0,1,0,0,1,0,0,0,0,0
AB,Circle,52.031521956000006,130.07880488,5,0,1,0,0,1,0,0,1,0,0,0,0,0,1,0,0
AB,Circle,54.3831143875,135.9577859625,8,0,1,0,0,1,0,0,1,0,0,0,0,0,0,1,0
AB,Circle,47.418897584999996,118.547244,2,0,1,0,0,1,0,0,1,0,0,0,0,0,0,0,1
AB,Circle,56.098884846666664,140.24721209999998,3,0,1,0,0,1,0,0,0,1,0,0,0,0,0,1,0
AB,Circle,53.70965997,134.27414995,6,0,1,0,0,1,0,0,0,0,1,1,0,0,0,0,0
AB,Circle,45.920040236666665,114.80010059,3,0,1,0,0,1,0,0,0,0,1,0,0,1,0,0,0
AB,Circle,50.64252402166667,126.60631006666667,6,0,1,0,0,1,0,0,0,0,1,0,0,0,1,0,0
AB,Circle,56.35523983200001,140.88809958000002,5,0,1,0,0,1,0,0,0,0,1,0,0,0,0,1,0
AB,Circle,47.5699232,118.924808,1,0,1,0,0,0,1,0,1,0,0,1,0,0,0,0,0
AB,Circle,26.89341269,67.23353172,1,0,1,0,0,0,1,0,1,0,0,0,0,1,0,0,0
AB,Circle,46.3107522,115.7768805,1,0,1,0,0,0,1,0,1,0,0,0,0,0,1,0,0
AB,Circle,51.85815151857143,129.6453787714286,7,0,1,0,0,0,1,0,1,0,0,0,0,0,0,1,0
AB,Circle,46.92097507,117.3024377,1,0,1,0,0,0,1,0,1,0,0,0,0,0,0,0,1
AB,Circle,48.08410894,120.21027235,2,0,1,0,0,0,1,0,0,1,0,0,0,0,0,1,0
AB,Circle,45.62200415,114.0550104,1,0,1,0,0,0,1,0,0,1,0,0,0,0,0,0,1
AB,Circle,51.234033186,128.08508296,5,0,1,0,0,0,1,0,0,0,1,1,0,0,0,0,0
AB,Circle,52.473496350000005,131.18374088000002,5,0,1,0,0,0,1,0,0,0,1,0,0,1,0,0,0
AB,Circle,60.70576795,151.764419875,4,0,1,0,0,0,1,0,0,0,1,0,0,0,1,0,0
AB,Circle,58.54680253,146.367006325,4,0,1,0,0,0,1,0,0,0,1,0,0,0,0,1,0
AB,Circle,58.61126021,146.5281505,1,0,1,0,0,0,1,0,0,0,1,0,0,0,0,0,1
AB,Circle,52.89204563,132.23011405,4,0,1,0,0,0,0,1,1,0,0,0,0,0,1,0,0
AB,Circle,54.000924874,135.00231218,5,0,1,0,0,0,0,1,1,0,0,0,0,0,0,1,0
AB,Circle,50.689104994000004,126.7227625,5,0,1,0,0,0,0,1,1,0,0,0,0,0,0,0,1
AB,Circle,44.67507377,111.6876844,1,0,1,0,0,0,0,1,0,1,0,0,0,0,1,0,0
AB,Circle,47.49815205,118.745380125,4,0,1,0,0,0,0,1,0,1,0,0,0,0,0,1,0
AB,Circle,32.05399383,80.13498457,1,0,1,0,0,0,0,1,0,1,0,0,0,0,0,0,1
AB,Circle,51.58644525,128.966113125,4,0,1,0,0,0,0,1,0,0,1,1,0,0,0,0,0
AB,Circle,58.43197775,146.0799444,1,0,1,0,0,0,0,1,0,0,1,0,0,1,0,0,0
AB,Circle,51.769147984285716,129.42286997142858,7,0,1,0,0,0,0,1,0,0,1,0,0,0,1,0,0
AB,Circle,53.77914735,134.4478683875,8,0,1,0,0,0,0,1,0,0,1,0,0,0,0,1,0
AB,Circle,47.666176755,119.16544188,2,0,1,0,0,0,0,1,0,0,1,0,0,0,0,0,1
AB,Circle,55.79257755,139.4814439,1,0,0,1,0,1,0,0,1,0,0,0,0,0,0,1,0
AB,Circle,49.69914369,124.24785925,2,0,0,1,0,1,0,0,0,0,1,0,0,0,1,0,0
AB,Circle,53.79028745333333,134.47571863333334,6,0,0,1,0,1,0,0,0,0,1,0,0,0,0,1,0
AB,Circle,51.02155449,127.5538862,1,0,0,1,0,0,1,0,1,0,0,0,0,0,0,1,0
AB,Circle,44.955834325,112.38958579999999,2,0,0,1,0,0,1,0,0,1,0,0,0,0,0,1,0
AB,Circle,36.69451793,91.73629483,1,0,0,1,0,0,1,0,0,0,1,0,0,1,0,0,0
AB,Circle,49.4650855,123.6627138,1,0,0,1,0,0,1,0,0,0,1,0,0,0,1,0,0
AB,Circle,51.93938315,129.84845786666668,6,0,0,1,0,0,1,0,0,0,1,0,0,0,0,1,0
AB,Circle,39.56847466,98.92118665,1,0,0,1,0,0,1,0,0,0,1,0,0,0,0,0,1
AB,Circle,45.296070015,113.24017505,2,0,0,1,0,0,0,1,0,0,1,1,0,0,0,0,0
AB,Circle,45.14490488,112.8622622,1,0,0,1,0,0,0,1,0,0,1,0,0,0,1,0,0
AB,Circle,53.383196749999996,133.4579919,2,0,0,1,0,0,0,1,0,0,1,0,0,0,0,1,0
AB,Circle,51.44084887,128.6021222,1,0,0,1,0,0,0,1,0,0,1,0,0,0,0,0,1
AB,Circle,53.28594494,133.21486235,2,0,0,0,1,1,0,0,1,0,0,1,0,0,0,0,0
AB,Circle,53.20102509,133.00256275,2,0,0,0,1,1,0,0,1,0,0,0,0,1,0,0,0
AB,Circle,50.428904112,126.07226025999998,5,0,0,0,1,1,0,0,1,0,0,0,0,0,1,0,0
AB,Circle,54.749521200000004,136.873803,5,0,0,0,1,1,0,0,1,0,0,0,0,0,0,0,1
AB,Circle,53.03397021571429,132.58492554285715,7,0,0,0,1,1,0,0,0,1,0,1,0,0,0,0,0
AB,Circle,52.76328970333333,131.90822426666668,3,0,0,0,1,1,0,0,0,1,0,0,0,1,0,0,0
AB,Circle,54.743578015,136.85894505,4,0,0,0,1,1,0,0,0,1,0,0,0,0,1,0,0
AB,Circle,59.471137989999995,148.67784496666664,3,0,0,0,1,1,0,0,0,1,0,0,0,0,0,1,0
AB,Circle,58.690935735,146.72733935,2,0,0,0,1,1,0,0,0,1,0,0,0,0,0,0,1
AB,Circle,43.42744933,108.5686233,1,0,0,0,1,1,0,0,0,0,1,0,1,0,0,0,0
AB,Circle,57.032882023333336,142.58220506666666,3,0,0,0,1,1,0,0,0,0,1,0,0,1,0,0,0
AB,Circle,42.78440924,106.9610231,1,0,0,0,1,1,0,0,0,0,1,0,0,0,1,0,0
AB,Circle,54.17764678333333,135.44411698000002,6,0,0,0,1,1,0,0,0,0,1,0,0,0,0,1,0
AB,Circle,57.05098015833334,142.62745041666668,6,0,0,0,1,1,0,0,0,0,1,0,0,0,0,0,1
AB,Circle,51.328816614285714,128.32204154142855,7,0,0,0,1,0,1,0,1,0,0,1,0,0,0,0,0
AB,Circle,45.90383158,114.7595789,1,0,0,0,1,0,1,0,1,0,0,0,1,0,0,0,0
AB,Circle,52.5454671275,131.36366784125,8,0,0,0,1,0,1,0,1,0,0,0,0,1,0,0,0
AB,Circle,51.381363824000005,128.45340956,5,0,0,0,1,0,1,0,1,0,0,0,0,0,1,0,0
AB,Circle,63.758330199999996,159.39582553333332,3,0,0,0,1,0,1,0,1,0,0,0,0,0,0,1,0
AB,Circle,47.304611565,118.261528925,8,0,0,0,1,0,1,0,1,0,0,0,0,0,0,0,1
AB,Circle,52.50754696333333,131.2688674,6,0,0,0,1,0,1,0,0,1,0,1,0,0,0,0,0
AB,Circle,51.88439876,129.71099693333335,3,0,0,0,1,0,1,0,0,1,0,0,0,1,0,0,0
AB,Circle,58.15893325375,145.39733315,8,0,0,0,1,0,1,0,0,1,0,0,0,0,1,0,0
AB,Circle,48.71910895,121.79777236666666,3,0,0,0,1,0,1,0,0,1,0,0,0,0,0,1,0
AB,Circle,49.32431893333333,123.31079733333335,3,0,0,0,1,0,1,0,0,1,0,0,0,0,0,0,1
AB,Circle,54.19898673,135.49746681333332,9,0,0,0,1,0,1,0,0,0,1,1,0,0,0,0,0
AB,Circle,39.988121515,99.97030379,2,0,0,0,1,0,1,0,0,0,1,0,1,0,0,0,0
AB,Circle,50.542721212,126.356803036,5,0,0,0,1,0,1,0,0,0,1,0,0,1,0,0,0
AB,Circle,52.48469832,131.21174580000002,2,0,0,0,1,0,1,0,0,0,1,0,0,0,1,0,0
AB,Circle,52.9410691975,132.35267299999998,4,0,0,0,1,0,1,0,0,0,1,0,0,0,0,1,0
AB,Circle,58.650657394285716,146.62664348571428,7,0,0,0,1,0,1,0,0,0,1,0,0,0,0,0,1
AB,Circle,56.497531863333336,141.24382963333335,3,0,0,0,1,0,0,1,1,0,0,1,0,0,0,0,0
AB,Circle,44.001874062,110.00468514399999,5,0,0,0,1,0,0,1,1,0,0,0,0,1,0,0,0
AB,Circle,51.675081645,129.1877041125,8,0,0,0,1,0,0,1,1,0,0,0,0,0,1,0,0
AB,Circle,54.192887762,135.482219412,5,0,0,0,1,0,0,1,1,0,0,0,0,0,0,1,0
AB,Circle,46.706775475,116.76693871500001,2,0,0,0,1,0,0,1,1,0,0,0,0,0,0,0,1
AB,Circle,45.03261192,112.58152978999999,3,0,0,0,1,0,0,1,0,1,0,1,0,0,0,0,0
AB,Circle,52.527542182000005,131.31885544,5,0,0,0,1,0,0,1,0,1,0,0,0,1,0,0,0
AB,Circle,50.42806804,126.0701701,1,0,0,0,1,0,0,1,0,1,0,0,0,0,1,0,0
AB,Circle,58.753124756666665,146.8828119,3,0,0,0,1,0,0,1,0,1,0,0,0,0,0,1,0
AB,Circle,60.73810460999999,151.8452615,3,0,0,0,1,0,0,1,0,1,0,0,0,0,0,0,1
AB,Circle,51.560142445,128.900356125,4,0,0,0,1,0,0,1,0,0,1,1,0,0,0,0,0
AB,Circle,50.193594812,125.48398702,5,0,0,0,1,0,0,1,0,0,1,0,1,0,0,0,0
AB,Circle,56.837813185,142.094532975,4,0,0,0,1,0,0,1,0,0,1,0,0,1,0,0,0
AB,Circle,56.36686111,140.91715276666665,3,0,0,0,1,0,0,1,0,0,1,0,0,0,1,0,0
AB,Circle,55.57700136727272,138.9425034090909,11,0,0,0,1,0,0,1,0,0,1,0,0,0,0,1,0
AB,Circle,57.257679386666666,143.14419843333334,3,0,0,0,1,0,0,1,0,0,1,0,0,0,0,0,1
AC,Circle,44.42721731,133.2816519,1,1,0,0,0,1,0,0,1,0,0,1,0,0,0,0,0
AC,Circle,31.10698493,93.32095478,1,1,0,0,0,1,0,0,1,0,0,0,0,1,0,0,0
AC,Circle,36.94108988,110.8232696,1,1,0,0,0,1,0,0,1,0,0,0,0,0,1,0,0
AC,Circle,45.05255971,135.1576791,1,1,0,0,0,1,0,0,1,0,0,0,0,0,0,1,0
AC,Circle,47.70537933333333,143.11613799999998,3,1,0,0,0,1,0,0,1,0,0,0,0,0,0,0,1
AC,Circle,39.02212934,117.066388,1,1,0,0,0,1,0,0,0,1,0,0,0,0,1,0,0
AC,Circle,36.43460028,109.3038008,1,1,0,0,0,1,0,0,0,0,1,0,0,1,0,0,0
AC,Circle,43.560062305,130.6801869,2,1,0,0,0,1,0,0,0,0,1,0,0,0,1,0,0
AC,Circle,42.34564546,127.0369364,1,1,0,0,0,0,1,0,1,0,0,1,0,0,0,0,0
AC,Circle,36.559485370000004,109.6784561,2,1,0,0,0,0,1,0,1,0,0,0,0,1,0,0,0
AC,Circle,43.82606203333333,131.47818606666667,3,1,0,0,0,0,1,0,1,0,0,0,0,0,0,0,1
AC,Circle,31.25691295,93.77073884,1,1,0,0,0,0,1,0,0,1,0,1,0,0,0,0,0
AC,Circle,54.388484665,163.165454,2,1,0,0,0,0,1,0,0,1,0,0,0,0,0,1,0
AC,Circle,41.26393379,123.7918014,1,1,0,0,0,0,1,0,0,1,0,0,0,0,0,0,1
AC,Circle,51.14203509,153.4261053,1,1,0,0,0,0,1,0,0,0,1,1,0,0,0,0,0
AC,Circle,41.45018414,124.3505524,1,1,0,0,0,0,1,0,0,0,1,0,0,1,0,0,0
AC,Circle,46.02252899,138.067587,1,1,0,0,0,0,1,0,0,0,1,0,0,0,1,0,0
AC,Circle,25.43185367,76.29556102,1,1,0,0,0,0,0,1,1,0,0,0,0,1,0,0,0
AC,Circle,46.00714684,138.0214405,1,1,0,0,0,0,0,1,1,0,0,0,0,0,1,0,0
AC,Circle,37.04857707,111.1457312,1,1,0,0,0,0,0,1,1,0,0,0,0,0,0,0,1
AC,Circle,33.70373584,101.1112075,1,1,0,0,0,0,0,1,0,1,0,0,0,0,1,0,0
AC,Circle,42.3874513,127.1623539,1,1,0,0,0,0,0,1,0,0,1,1,0,0,0,0,0
AC,Circle,42.50161279,127.5048384,1,1,0,0,0,0,0,1,0,0,1,0,0,1,0,0,0
AC,Circle,45.05231405,135.1569422,1,1,0,0,0,0,0,1,0,0,1,0,0,0,1,0,0
AC,Circle,56.99923164,170.9976949,1,1,0,0,0,0,0,1,0,0,1,0,0,0,0,0,1
AC,Circle,41.38156488,124.1446946,1,0,1,0,0,1,0,0,1,0,0,0,0,1,0,0,0
AC,Circle,43.47305801,130.419174,1,0,1,0,0,1,0,0,1,0,0,0,0,0,0,0,1
AC,Circle,37.22352945,111.6705884,1,0,1,0,0,1,0,0,0,1,0,1,0,0,0,0,0
AC,Circle,40.883734105,122.65120230000001,2,0,1,0,0,1,0,0,0,1,0,0,0,0,1,0,0
AC,Circle,46.646435545,139.9393066,2,0,1,0,0,1,0,0,0,1,0,0,0,0,0,1,0
AC,Circle,56.46010813,169.3803244,1,0,1,0,0,1,0,0,0,0,1,1,0,0,0,0,0
AC,Circle,53.65702732,160.971082,1,0,1,0,0,1,0,0,0,0,1,0,0,1,0,0,0
AC,Circle,56.61962505,169.8588751,1,0,1,0,0,1,0,0,0,0,1,0,0,0,1,0,0
AC,Circle,46.96751273,140.9025382,3,0,1,0,0,0,1,0,1,0,0,1,0,0,0,0,0
AC,Circle,36.463845155,109.39153546,2,0,1,0,0,0,1,0,1,0,0,0,0,1,0,0,0
AC,Circle,51.02881703,153.08645109999998,2,0,1,0,0,0,1,0,1,0,0,0,0,0,1,0,0
AC,Circle,40.81434605,122.4430382,1,0,1,0,0,0,1,0,0,1,0,1,0,0,0,0,0
AC,Circle,36.83681384,110.5104415,1,0,1,0,0,0,1,0,0,1,0,0,0,1,0,0,0
AC,Circle,49.15872712,147.4761814,1,0,1,0,0,0,1,0,0,1,0,0,0,0,0,1,0
AC,Circle,42.12514394,126.3754318,1,0,1,0,0,0,1,0,0,1,0,0,0,0,0,0,1
AC,Circle,45.95375555,137.86126665,2,0,1,0,0,0,1,0,0,0,1,0,0,0,0,0,1
AC,Circle,41.994522435,125.98356728499999,2,0,1,0,0,0,0,1,1,0,0,1,0,0,0,0,0
AC,Circle,29.59761886,88.79285658,1,0,1,0,0,0,0,1,1,0,0,0,1,0,0,0,0
AC,Circle,44.792005005,134.376015,2,0,1,0,0,0,0,1,1,0,0,0,0,0,0,0,1
AC,Circle,37.41366218,112.2409865,1,0,1,0,0,0,0,1,0,1,0,0,0,0,1,0,0
AC,Circle,49.75523489,149.2657047,1,0,1,0,0,0,0,1,0,1,0,0,0,0,0,1,0
AC,Circle,42.23994615,126.7198385,1,0,1,0,0,0,0,1,0,1,0,0,0,0,0,0,1
AC,Circle,53.55439809,160.6631943,1,0,1,0,0,0,0,1,0,0,1,0,0,0,0,0,1
AC,Circle,40.394439995,121.18332000000001,2,0,0,1,0,1,0,0,1,0,0,0,0,0,1,0,0
AC,Circle,49.97492191,149.9247657,1,0,0,1,0,1,0,0,1,0,0,0,0,0,0,1,0
AC,Circle,41.51625425,124.5487628,1,0,0,1,0,1,0,0,1,0,0,0,0,0,0,0,1
AC,Circle,39.83810240333333,119.51430723333333,3,0,0,1,0,1,0,0,0,0,1,1,0,0,0,0,0
AC,Circle,42.39750514,127.1925154,1,0,0,1,0,1,0,0,0,0,1,0,0,1,0,0,0
AC,Circle,36.48665092,109.459952735,2,0,0,1,0,1,0,0,0,0,1,0,0,0,1,0,0
AC,Circle,45.60847778,136.8254333,1,0,0,1,0,1,0,0,0,0,1,0,0,0,0,1,0
AC,Circle,40.8556723,122.5670169,1,0,0,1,0,0,1,0,1,0,0,0,0,0,1,0,0
AC,Circle,48.661271845,145.98381555,2,0,0,1,0,0,1,0,1,0,0,0,0,0,0,1,0
AC,Circle,41.84149226,125.5244768,1,0,0,1,0,0,1,0,1,0,0,0,0,0,0,0,1
AC,Circle,37.80914028,113.4274208,1,0,0,1,0,0,1,0,0,1,0,0,0,0,0,1,0
AC,Circle,45.0816238,135.2448714,1,0,0,1,0,0,1,0,0,0,1,1,0,0,0,0,0
AC,Circle,28.40498135,85.21494405,1,0,0,1,0,0,1,0,0,0,1,0,0,1,0,0,0
AC,Circle,57.10865564,171.3259669,1,0,0,1,0,0,1,0,0,0,1,0,0,0,0,1,0
AC,Circle,46.8453727,140.5361181,1,0,0,1,0,0,1,0,0,0,1,0,0,0,0,0,1
AC,Circle,38.07114953,114.2134486,1,0,0,1,0,0,0,1,1,0,0,1,0,0,0,0,0
AC,Circle,38.51428826,115.5428648,1,0,0,1,0,0,0,1,1,0,0,0,0,0,1,0,0
AC,Circle,49.97695182,149.9308555,1,0,0,1,0,0,0,1,1,0,0,0,0,0,0,1,0
AC,Circle,40.48454244,121.4536273,1,0,0,1,0,0,0,1,1,0,0,0,0,0,0,0,1
AC,Circle,37.438779665,112.316339,2,0,0,1,0,0,0,1,0,1,0,0,0,0,0,1,0
AC,Circle,35.23870036,105.7161011,1,0,0,1,0,0,0,1,0,0,1,1,0,0,0,0,0
AC,Circle,42.43855574,127.3156672,1,0,0,1,0,0,0,1,0,0,1,0,0,1,0,0,0
AC,Circle,41.07655641,123.2296692,1,0,0,0,1,1,0,0,1,0,0,0,1,0,0,0,0
AC,Circle,44.32718641666667,132.98155923333334,3,0,0,0,1,0,1,0,0,1,0,1,0,0,0,0,0
AC,Circle,46.108888475,138.32666540000002,2,0,0,0,1,0,1,0,0,1,0,0,0,1,0,0,0
AC,Circle,44.344628145,133.03388445,2,0,0,0,1,0,0,1,1,0,0,0,1,0,0,0,0
AC,Circle,55.71035238,167.1310571,1,0,0,0,1,0,0,1,0,1,0,1,0,0,0,0,0
AC,Circle,46.10087718,138.3026315,1,0,0,0,1,0,0,1,0,1,0,0,0,1,0,0,0
AC,Circle,51.228861565,153.6865847,2,0,0,0,1,0,0,1,0,0,1,0,1,0,0,0,0
BB,Circle,30.14109421,301.4109421,1,1,0,0,0,1,0,0,1,0,0,0,0,0,1,0,0
BB,Circle,34.50255867,345.0255867,1,1,0,0,0,1,0,0,1,0,0,0,0,0,0,1,0
BB,Circle,33.99575219,339.9575219,1,1,0,0,0,1,0,0,1,0,0,0,0,0,0,0,1
BB,Circle,21.07499616,210.7499616,1,1,0,0,0,1,0,0,0,1,0,1,0,0,0,0,0
BB,Circle,29.47369449,294.7369449,1,1,0,0,0,1,0,0,0,1,0,0,0,0,0,1,0
BB,Circle,24.68166671,246.8166671,1,1,0,0,0,1,0,0,0,1,0,0,0,0,0,0,1
BB,Circle,33.03107127,330.3107127,1,1,0,0,0,1,0,0,0,0,1,0,0,1,0,0,0
BB,Circle,25.50150685,255.0150685,1,1,0,0,0,0,1,0,1,0,0,1,0,0,0,0,0
BB,Circle,29.36855251,293.6855251,1,1,0,0,0,0,1,0,1,0,0,0,0,1,0,0,0
BB,Circle,29.16252141,291.6252141,1,1,0,0,0,0,1,0,1,0,0,0,0,0,1,0,0
BB,Circle,29.743333765000003,297.43333765,2,1,0,0,0,0,1,0,1,0,0,0,0,0,0,0,1
BB,Circle,26.180685304999997,261.80685305,2,1,0,0,0,0,1,0,0,1,0,0,0,0,1,0,0
BB,Circle,31.90915065,319.0915065,1,1,0,0,0,0,1,0,0,1,0,0,0,0,0,1,0
BB,Circle,25.45425761,254.5425761,1,1,0,0,0,0,1,0,0,1,0,0,0,0,0,0,1
BB,Circle,32.54537478,325.4537478,1,1,0,0,0,0,1,0,0,0,1,0,0,1,0,0,0
BB,Circle,29.998911194999998,299.98911195,4,1,0,0,0,0,0,1,1,0,0,0,0,0,0,0,1
BB,Circle,36.75943916,367.5943916,1,1,0,0,0,0,0,1,0,1,0,0,0,0,0,1,0
BB,Circle,27.677832016666667,276.7783201666667,3,1,0,0,0,0,0,1,0,0,1,0,0,1,0,0,0
BB,Circle,32.12807279,321.2807279,1,1,0,0,0,0,0,1,0,0,1,0,0,0,0,0,1
BB,Circle,30.81057413,308.1057413,1,0,1,0,0,1,0,0,1,0,0,0,0,1,0,0,0
BB,Circle,30.98812294,309.8812294,1,0,1,0,0,1,0,0,1,0,0,0,0,0,1,0,0
BB,Circle,24.11550582,241.1550582,1,0,1,0,0,1,0,0,0,1,0,1,0,0,0,0,0
BB,Circle,32.40286989,324.0286989,1,0,1,0,0,1,0,0,0,1,0,0,0,0,1,0,0
BB,Circle,33.280780480000004,332.8078048,4,0,1,0,0,1,0,0,0,0,1,1,0,0,0,0,0
BB,Circle,30.724661095000002,307.24661095,2,0,1,0,0,1,0,0,0,0,1,0,0,1,0,0,0
BB,Circle,31.54126644,315.4126644,1,0,1,0,0,0,1,0,1,0,0,1,0,0,0,0,0
BB,Circle,29.87081638,298.7081638,1,0,1,0,0,0,1,0,1,0,0,0,0,0,0,0,1
BB,Circle,27.320217135,273.20217135,2,0,1,0,0,0,1,0,0,1,0,1,0,0,0,0,0
BB,Circle,31.13227277,311.3227277,1,0,1,0,0,0,1,0,0,1,0,0,0,0,1,0,0
BB,Circle,37.29031213,372.9031213,1,0,1,0,0,0,1,0,0,0,1,0,0,0,1,0,0
BB,Circle,31.070997805,310.70997805,4,0,1,0,0,0,0,1,1,0,0,0,0,0,1,0,0
BB,Circle,36.21274876,362.1274876,1,0,1,0,0,0,0,1,1,0,0,0,0,0,0,0,1
BB,Circle,30.81351214,308.1351214,1,0,1,0,0,0,0,1,0,1,0,1,0,0,0,0,0
BB,Circle,34.55554512,345.5554512,1,0,1,0,0,0,0,1,0,1,0,0,0,0,1,0,0
BB,Circle,33.20358023,332.0358023,1,0,1,0,0,0,0,1,0,1,0,0,0,0,0,1,0
BB,Circle,33.037599795000006,330.37599795,2,0,1,0,0,0,0,1,0,1,0,0,0,0,0,0,1
BB,Circle,31.65394575,316.5394575,1,0,1,0,0,0,0,1,0,0,1,1,0,0,0,0,0
BB,Circle,34.13692705,341.3692705,1,0,0,1,0,1,0,0,1,0,0,0,0,0,0,1,0
BB,Circle,31.85354208,318.5354208,1,0,0,1,0,1,0,0,0,1,0,0,0,0,0,0,1
BB,Circle,29.41580449,294.1580449,1,0,0,1,0,1,0,0,0,0,1,1,0,0,0,0,0
BB,Circle,31.23950343,312.3950343,1,0,0,1,0,1,0,0,0,0,1,0,0,0,1,0,0
BB,Circle,38.11235626,381.1235626,1,0,0,1,0,1,0,0,0,0,1,0,0,0,0,0,1
BB,Circle,24.37062478,243.7062478,1,0,0,1,0,0,1,0,1,0,0,0,0,0,1,0,0
BB,Circle,30.649961679999997,306.4996168,2,0,0,1,0,0,1,0,1,0,0,0,0,0,0,0,1
BB,Circle,29.20996208,292.0996208,1,0,0,1,0,0,1,0,0,1,0,0,0,0,0,1,0
BB,Circle,26.1156694925,261.156694925,4,0,0,1,0,0,1,0,0,0,1,0,0,1,0,0,0
BB,Circle,28.081984545,280.81984545,2,0,0,1,0,0,1,0,0,0,1,0,0,0,1,0,0
BB,Circle,34.69611568,346.9611568,1,0,0,1,0,0,1,0,0,0,1,0,0,0,0,1,0
BB,Circle,29.471050923333333,294.7105092333333,3,0,0,1,0,0,1,0,0,0,1,0,0,0,0,0,1
BB,Circle,31.99401043,319.9401043,1,0,0,1,0,0,0,1,1,0,0,0,0,0,1,0,0
BB,Circle,28.84904061,288.4904061,2,0,0,1,0,0,0,1,1,0,0,0,0,0,0,0,1
BB,Circle,31.166105965,311.66105964999997,2,0,0,1,0,0,0,1,0,0,1,1,0,0,0,0,0
BB,Circle,34.879664325,348.79664325,2,0,0,1,0,0,0,1,0,0,1,0,0,1,0,0,0
BB,Circle,28.0588028,280.588028,1,0,0,1,0,0,0,1,0,0,1,0,0,0,1,0,0
BB,Circle,30.37878938,303.7878938,1,0,0,1,0,0,0,1,0,0,1,0,0,0,0,0,1
BB,Circle,28.38468538,283.8468538,1,0,0,0,1,1,0,0,1,0,0,0,1,0,0,0,0
BB,Circle,37.01015759,370.1015759,1,0,0,0,1,1,0,0,1,0,0,0,0,1,0,0,0
BB,Circle,25.44301127,254.4301127,1,0,0,0,1,1,0,0,0,1,0,0,1,0,0,0,0
BB,Circle,40.17453504,401.7453504,1,0,0,0,1,1,0,0,0,1,0,0,0,1,0,0,0
BB,Circle,34.74764997,347.4764997,1,0,0,0,1,1,0,0,0,1,0,0,0,0,1,0,0
BB,Circle,25.899177095,258.99177095000005,2,0,0,0,1,0,1,0,1,0,0,0,1,0,0,0,0
BB,Circle,33.59928418,335.9928418,1,0,0,0,1,0,1,0,0,1,0,1,0,0,0,0,0
BB,Circle,30.5533496,305.533496,1,0,0,0,1,0,1,0,0,1,0,0,1,0,0,0,0
BB,Circle,31.05706322,310.5706322,1,0,0,0,1,0,1,0,0,1,0,0,0,1,0,0,0
BB,Circle,32.35273201,323.5273201,1,0,0,0,1,0,1,0,0,0,1,0,1,0,0,0,0
BB,Circle,26.3246576,263.246576,1,0,0,0,1,0,0,1,1,0,0,0,1,0,0,0,0
BB,Circle,42.09715535,420.9715535,1,0,0,0,1,0,0,1,1,0,0,0,0,1,0,0,0
BB,Circle,33.19521093,331.9521093,1,0,0,0,1,0,0,1,0,1,0,1,0,0,0,0,0
BB,Circle,34.17616765,341.7616765,1,0,0,0,1,0,0,1,0,1,0,0,0,0,1,0,0
BB,Circle,34.06418872,340.6418872,1,0,0,0,1,0,0,1,0,1,0,0,0,0,0,0,1
BB,Circle,31.178891085,311.78891085,2,0,0,0,1,0,0,1,0,0,1,0,1,0,0,0,0
BC,Square,2.9347702278333334,44.02155341333333,6,1,0,0,0,1,0,0,1,0,0,0,1,0,0,0,0
BC,Square,2.878656751,43.17985126333334,3,1,0,0,0,1,0,0,1,0,0,0,0,1,0,0,0
BC,Square,3.211684409,48.175266135,2,1,0,0,0,1,0,0,1,0,0,0,0,0,1,0,0
BC,Square,3.4817905286,52.226857928,5,1,0,0,0,1,0,0,1,0,0,0,0,0,0,0,1
BC,Square,3.067253731,46.00880596571428,7,1,0,0,0,1,0,0,0,1,0,1,0,0,0,0,0
BC,Square,3.104864591,46.572968866,5,1,0,0,0,1,0,0,0,1,0,0,1,0,0,0,0
BC,Square,2.901576456,43.52364684,1,1,0,0,0,1,0,0,0,1,0,0,0,1,0,0,0
BC,Square,2.564365237,38.46547855,1,1,0,0,0,1,0,0,0,1,0,0,0,0,1,0,0
BC,Square,4.006329425,60.09494138,1,1,0,0,0,1,0,0,0,1,0,0,0,0,0,1,0
BC,Square,2.9357443325,44.03616499,2,1,0,0,0,1,0,0,0,1,0,0,0,0,0,0,1
BC,Square,2.3281914974999998,34.92287246,2,1,0,0,0,1,0,0,0,0,1,0,1,0,0,0,0
BC,Square,3.578433151,53.67649727,1,1,0,0,0,1,0,0,0,0,1,0,0,1,0,0,0
BC,Square,3.2758470355,49.13770554,2,1,0,0,0,0,1,0,1,0,0,1,0,0,0,0,0
BC,Square,2.65390698125,39.8086047225,4,1,0,0,0,0,1,0,1,0,0,0,1,0,0,0,0
BC,Square,3.1103543117999997,46.655314678,5,1,0,0,0,0,1,0,1,0,0,0,0,1,0,0,0
BC,Square,3.294334971,49.41502457,1,1,0,0,0,0,1,0,1,0,0,0,0,0,1,0,0
BC,Square,3.4814511269999997,52.221766905,2,1,0,0,0,0,1,0,1,0,0,0,0,0,0,0,1
BC,Square,2.9550628978571427,44.32594346714286,7,1,0,0,0,0,1,0,0,1,0,1,0,0,0,0,0
BC,Square,2.9984667683333335,44.977001523333335,6,1,0,0,0,0,1,0,0,1,0,0,1,0,0,0,0
BC,Square,2.8892936995,43.339405495,2,1,0,0,0,0,1,0,0,1,0,0,0,1,0,0,0
BC,Square,2.8516391734999997,42.77458761,2,1,0,0,0,0,1,0,0,1,0,0,0,0,1,0,0
BC,Square,3.244166712,48.66250068,1,1,0,0,0,0,1,0,0,1,0,0,0,0,0,0,1
BC,Square,3.1498520813333335,47.247781223333334,6,1,0,0,0,0,1,0,0,0,1,0,1,0,0,0,0
BC,Square,3.2191303205,48.286954805,2,1,0,0,0,0,1,0,0,0,1,0,0,1,0,0,0
BC,Square,3.1873963493333335,47.81094524333333,3,1,0,0,0,0,0,1,1,0,0,1,0,0,0,0,0
BC,Square,2.57005217,38.55078255,1,1,0,0,0,0,0,1,1,0,0,0,1,0,0,0,0
BC,Square,2.644050624,39.66075937,1,1,0,0,0,0,0,1,1,0,0,0,0,1,0,0,0
BC,Square,3.41497505,51.224625745,2,1,0,0,0,0,0,1,1,0,0,0,0,0,1,0,0
BC,Square,3.1931900162,47.897850240000004,5,1,0,0,0,0,0,1,0,1,0,1,0,0,0,0,0
BC,Square,3.15787612275,47.368141845000004,4,1,0,0,0,0,0,1,0,1,0,0,1,0,0,0,0
BC,Square,3.122687468666667,46.84031203333333,6,1,0,0,0,0,0,1,0,1,0,0,0,1,0,0,0
BC,Square,3.872646549,58.08969824,1,1,0,0,0,0,0,1,0,1,0,0,0,0,1,0,0
BC,Square,3.2829564087999996,49.244346128000004,5,1,0,0,0,0,0,1,0,1,0,0,0,0,0,0,1
BC,Square,3.1149759896,46.724639842,5,1,0,0,0,0,0,1,0,0,1,0,1,0,0,0,0
BC,Square,3.310689264,49.66033896,3,1,0,0,0,0,0,1,0,0,1,0,0,1,0,0,0
BC,Square,3.4071914375,51.10787156,2,0,1,0,0,1,0,0,1,0,0,1,0,0,0,0,0
BC,Square,3.2657881336666663,48.98682201,3,0,1,0,0,1,0,0,1,0,0,0,1,0,0,0,0
BC,Square,3.022953697166667,45.34430545833334,6,0,1,0,0,1,0,0,1,0,0,0,0,1,0,0,0
BC,Square,3.2198024417499997,48.2970366325,4,0,1,0,0,1,0,0,0,1,0,1,0,0,0,0,0
BC,Square,3.059196899,45.887953485,2,0,1,0,0,1,0,0,0,1,0,0,1,0,0,0,0
BC,Square,3.1798615789999998,47.697923689999996,2,0,1,0,0,1,0,0,0,1,0,0,0,1,0,0,0
BC,Square,3.2523941083333328,48.78591162,3,0,1,0,0,1,0,0,0,1,0,0,0,0,1,0,0
BC,Square,3.391908839,50.87863259,1,0,1,0,0,1,0,0,0,1,0,0,0,0,0,0,1
BC,Square,4.051042423,60.76563635,1,0,1,0,0,1,0,0,0,0,1,1,0,0,0,0,0
BC,Square,3.424580912333333,51.36871368333334,3,0,1,0,0,1,0,0,0,0,1,0,1,0,0,0,0
BC,Square,3.2916646355,49.374969539999995,2,0,1,0,0,0,1,0,1,0,0,1,0,0,0,0,0
BC,Square,3.371026703,50.56540055,2,0,1,0,0,0,1,0,1,0,0,0,1,0,0,0,0
BC,Square,3.0570576015,45.855864025,2,0,1,0,0,0,1,0,1,0,0,0,0,1,0,0,0
BC,Square,3.675867095,55.13800642,1,0,1,0,0,0,1,0,1,0,0,0,0,0,1,0,0
BC,Square,3.918789671,58.78184506,1,0,1,0,0,0,1,0,1,0,0,0,0,0,0,0,1
BC,Square,2.908233564333333,43.62350347,3,0,1,0,0,0,1,0,0,1,0,1,0,0,0,0,0
BC,Square,3.0053323773333336,45.07998565666667,3,0,1,0,0,0,1,0,0,1,0,0,1,0,0,0,0
BC,Square,2.9177617606,43.766426407999994,5,0,1,0,0,0,1,0,0,1,0,0,0,1,0,0,0
BC,Square,3.400815002,51.012225029999996,2,0,1,0,0,0,1,0,0,1,0,0,0,0,1,0,0
BC,Square,3.41003429925,51.150514487500004,4,0,1,0,0,0,1,0,0,1,0,0,0,0,0,0,1
BC,Square,3.21608898175,48.24133473,4,0,1,0,0,0,1,0,0,0,1,0,1,0,0,0,0
BC,Square,3.0710548545,46.06582282,6,0,1,0,0,0,0,1,1,0,0,0,1,0,0,0,0
BC,Square,3.2830503636666664,49.245755456666664,3,0,1,0,0,0,0,1,1,0,0,0,0,1,0,0,0
BC,Square,3.01259627725,45.1889441575,4,0,1,0,0,0,0,1,0,1,0,1,0,0,0,0,0
BC,Square,3.071922843375,46.07884265,8,0,1,0,0,0,0,1,0,1,0,0,1,0,0,0,0
BC,Square,2.8773623665,43.1604355,6,0,1,0,0,0,0,1,0,1,0,0,0,1,0,0,0
BC,Square,3.068353677,46.025305155,2,0,1,0,0,0,0,1,0,1,0,0,0,0,1,0,0
BC,Square,2.928434874,43.9265231,1,0,1,0,0,0,0,1,0,1,0,0,0,0,0,0,1
BC,Square,5.032108471,75.48162707,1,0,1,0,0,0,0,1,0,0,1,1,0,0,0,0,0
BC,Square,3.059712977,45.89569466,1,0,1,0,0,0,0,1,0,0,1,0,1,0,0,0,0
BC,Square,2.970067143,44.55100714333333,3,0,0,1,0,1,0,0,1,0,0,1,0,0,0,0,0
BC,Square,2.9374284212,44.061426317999995,5,0,0,1,0,1,0,0,1,0,0,0,1,0,0,0,0
BC,Square,3.068126192,46.021892879999996,6,0,0,1,0,1,0,0,1,0,0,0,0,1,0,0,0
BC,Square,2.9375636099999998,44.0634541525,8,0,0,1,0,1,0,0,1,0,0,0,0,0,1,0,0
BC,Square,3.339939782,50.09909673,1,0,0,1,0,1,0,0,1,0,0,0,0,0,0,1,0
BC,Square,3.490172274,52.35258411,1,0,0,1,0,1,0,0,1,0,0,0,0,0,0,0,1
BC,Square,3.1459563952857144,47.189345932857144,7,0,0,1,0,1,0,0,0,1,0,1,0,0,0,0,0
BC,Square,3.0703710176666665,46.05556526833333,6,0,0,1,0,1,0,0,0,1,0,0,0,1,0,0,0
BC,Square,2.8261503655999998,42.392255481999996,5,0,0,1,0,1,0,0,0,1,0,0,0,0,1,0,0
BC,Square,3.399538114,50.993071711666666,6,0,0,1,0,1,0,0,0,1,0,0,0,0,0,1,0
BC,Square,3.1099509226000004,46.64926384,5,0,0,1,0,1,0,0,0,1,0,0,0,0,0,0,1
BC,Square,2.810705413,42.16058119,1,0,0,1,0,1,0,0,0,0,1,1,0,0,0,0,0
BC,Square,3.177415856857143,47.661237854285716,7,0,0,1,0,1,0,0,0,0,1,0,1,0,0,0,0
BC,Square,2.8633034115,42.94955117,2,0,0,1,0,1,0,0,0,0,1,0,0,1,0,0,0
BC,Square,3.245276869,48.67915303,1,0,0,1,0,1,0,0,0,0,1,0,0,0,1,0,0
BC,Square,2.7232125160000002,40.84818774,3,0,0,1,0,0,1,0,1,0,0,1,0,0,0,0,0
BC,Square,3.076887855,46.1533178225,8,0,0,1,0,0,1,0,1,0,0,0,1,0,0,0,0
BC,Square,2.6107517205,39.1612758025,4,0,0,1,0,0,1,0,1,0,0,0,0,1,0,0,0
BC,Square,3.5174880262499997,52.76232039,4,0,0,1,0,0,1,0,1,0,0,0,0,0,1,0,0
BC,Square,2.649506367,39.7425955,2,0,0,1,0,0,1,0,1,0,0,0,0,0,0,0,1
BC,Square,3.0258342384285717,45.38751357571429,7,0,0,1,0,0,1,0,0,1,0,1,0,0,0,0,0
BC,Square,2.753325201,41.299878015000004,2,0,0,1,0,0,1,0,0,1,0,0,1,0,0,0,0
BC,Square,3.132916704,46.993750559999995,2,0,0,1,0,0,1,0,0,1,0,0,0,1,0,0,0
BC,Square,2.8748971645,43.123457470000005,2,0,0,1,0,0,1,0,0,1,0,0,0,0,1,0,0
BC,Square,3.279827335,49.19741002,1,0,0,1,0,0,1,0,0,1,0,0,0,0,0,1,0
BC,Square,2.7320319786,40.980479678,5,0,0,1,0,0,1,0,0,1,0,0,0,0,0,0,1
BC,Square,3.6962478450000003,55.44371767,2,0,0,1,0,0,1,0,0,0,1,1,0,0,0,0,0
BC,Square,2.734783995333333,41.02175992833333,6,0,0,1,0,0,1,0,0,0,1,0,1,0,0,0,0
BC,Square,2.9458659105000002,44.187988655,2,0,0,1,0,0,1,0,0,0,1,0,0,1,0,0,0
BC,Square,3.81538144,57.2307216,1,0,0,1,0,0,1,0,0,0,1,0,0,0,1,0,0
BC,Square,3.179551906111111,47.69327859333333,9,0,0,1,0,0,0,1,1,0,0,1,0,0,0,0,0
BC,Square,2.9598885044285717,44.398327568571425,7,0,0,1,0,0,0,1,1,0,0,0,1,0,0,0,0
BC,Square,3.0885708474999998,46.32856271,2,0,0,1,0,0,0,1,1,0,0,0,0,1,0,0,0
BC,Square,2.881424142,43.22136213,2,0,0,1,0,0,0,1,1,0,0,0,0,0,1,0,0
BC,Square,3.3108169145,49.662253725,2,0,0,1,0,0,0,1,1,0,0,0,0,0,0,0,1
BC,Square,2.8220145335,42.3302180075,4,0,0,1,0,0,0,1,0,1,0,1,0,0,0,0,0
BC,Square,2.823474447857143,42.35211671857143,7,0,0,1,0,0,0,1,0,1,0,0,1,0,0,0,0
BC,Square,3.0126702686,45.190054028,5,0,0,1,0,0,0,1,0,1,0,0,0,1,0,0,0
BC,Square,2.9703592633333336,44.55538895,3,0,0,1,0,0,0,1,0,1,0,0,0,0,1,0,0
BC,Square,3.0581645579999996,45.872468375,2,0,0,1,0,0,0,1,0,1,0,0,0,0,0,1,0
BC,Square,2.96217689,44.4326533525,4,0,0,1,0,0,0,1,0,1,0,0,0,0,0,0,1
BC,Square,2.86261602925,42.9392404375,4,0,0,1,0,0,0,1,0,0,1,0,1,0,0,0,0
BC,Square,3.3619554373333336,50.42933155666666,3,0,0,1,0,0,0,1,0,0,1,0,0,1,0,0,0
BC,Square,3.173991015,47.609865225,2,0,0,1,0,0,0,1,0,0,1,0,0,0,1,0,0
BC,Square,3.504670756,52.57006134,1,0,0,1,0,0,0,1,0,0,1,0,0,0,0,0,1
BC,Square,3.462765047,51.941475705,2,0,0,0,1,1,0,0,1,0,0,0,1,0,0,0,0
BC,Square,3.2291008674444446,48.43651301,9,0,0,0,1,1,0,0,0,1,0,0,1,0,0,0,0
BC,Square,3.063261518333333,45.94892278,3,0,0,0,1,0,1,0,1,0,0,0,1,0,0,0,0
BC,Square,3.2073281045,48.109921560000004,2,0,0,0,1,0,1,0,0,1,0,0,1,0,0,0,0
BC,Square,3.482519929,52.23779893,1,0,0,0,1,0,1,0,0,1,0,0,0,1,0,0,0
BC,Square,3.138533333,47.07799999,2,0,0,0,1,0,0,1,1,0,0,0,1,0,0,0,0
BC,Square,3.1035348405555556,46.55302261,9,0,0,0,1,0,0,1,0,1,0,0,1,0,0,0,0
BC,Square,3.325159229,49.87738844,1,0,0,0,1,0,0,1,0,0,1,0,1,0,0,0,0
