cust_id,product_id,reporting_months,usage,gross_revenue,loyalty,user_environment,subscribed
100977,10977,49,43.43335924,108.5833981,Loyal,School,TRUE
100507,10507,38,3.05770433,45.86556495,Uncommited,School,FALSE
100493,10493,74,3.069536701,46.04305051,Uncommited,Home,FALSE
100035,10035,107,3.872646549,58.08969824,Disloyal,Home,TRUE
100393,10393,18,28.57254688,285.7254688,Loyal,School,FALSE
100487,10487,117,3.075697768,46.13546653,Loyal,Home,FALSE
100064,10064,76,67.81859473,169.5464868,Disloyal,Home,TRUE
101060,11060,9,37.62968919,94.07422299,Uncommited,Home,TRUE
100143,10143,118,3.531647537,52.97471305,Uncommited,School,FALSE
100205,10205,99,3.421596147,51.3239422,Uncommited,Home,TRUE
100925,10925,9,2.526800244,37.90200367,Loyal,School,TRUE
100436,10436,118,56.24968876,140.6242219,Loyal,Work,FALSE
100970,10970,39,2.430862952,36.46294428,Loyal,Work,FALSE
101007,11007,46,41.76125109,104.4031277,Disloyal,Home,TRUE
100401,10401,94,3.169891476,47.54837214,Disloyal,Work,FALSE
100625,10625,48,2.901576456,43.52364684,Disloyal,School,FALSE
100735,10735,85,2.782190245,41.73285367,Uncommited,Work,TRUE
100308,10308,21,59.03755867,147.5938967,Disloyal,Work,TRUE
100851,10851,111,44.741221,134.223663,Loyal,School,FALSE
100478,10478,15,3.088482454,46.32723681,Disloyal,Home,TRUE
100583,10583,87,49.97695182,149.9308555,Uncommited,Work,TRUE
100267,10267,29,3.338302071,50.07453106,Disloyal,Work,TRUE
100060,10060,68,3.777555423,56.66333134,Uncommited,Home,TRUE
101003,11003,70,41.93829815,104.8457454,Uncommited,Home,TRUE
100315,10315,75,58.91112205,147.2778051,Uncommited,Work,TRUE
100952,10952,99,2.471239597,37.06859395,Disloyal,School,FALSE
100184,10184,109,3.461733291,51.92599937,Disloyal,Work,FALSE
100008,10008,115,4.201197437,63.01796155,Uncommited,Home,FALSE
100843,10843,116,47.56210439,118.905261,Loyal,Work,TRUE
100528,10528,68,3.010239914,45.15359872,Disloyal,Home,TRUE
100578,10578,13,52.95297694,132.3824424,Loyal,Work,TRUE
100792,10792,115,2.693606977,40.40410466,Uncommited,School,FALSE
100563,10563,75,2.972376016,44.58564025,Disloyal,Home,TRUE
100300,10300,46,59.18633481,147.965837,Disloyal,School,TRUE
100998,10998,106,42.29315366,105.7328842,Loyal,School,TRUE
100177,10177,3,3.480557905,52.20836857,Uncommited,School,TRUE
100882,10882,35,43.94803529,131.8441059,Loyal,School,FALSE
100213,10213,76,3.406971299,51.10456949,Uncommited,Work,FALSE
100651,10651,93,51.70009046,129.2502261,Disloyal,Home,FALSE
100866,10866,97,46.92097507,117.3024377,Uncommited,Home,FALSE
101031,11031,110,2.227432746,33.41149119,Uncommited,Work,FALSE
100988,10988,68,40.53083725,121.5925117,Loyal,School,FALSE
100085,10085,13,33.18592901,331.8592901,Disloyal,School,TRUE
100608,10608,84,2.916590034,43.74885051,Loyal,Home,TRUE
100243,10243,102,60.50482543,151.2620636,Loyal,School,TRUE
100201,10201,53,61.66977898,154.1744474,Uncommited,Home,TRUE
100654,10654,35,2.869976665,43.04964998,Loyal,School,TRUE
100414,10414,40,3.154908753,47.3236313,Loyal,Home,FALSE
100696,10696,102,50.82925657,127.0731414,Disloyal,Home,TRUE
100781,10781,74,24.37062478,243.7062478,Disloyal,Work,TRUE
100367,10367,72,57.69624434,144.2406108,Loyal,Home,FALSE
100812,10812,43,48.15041756,120.3760439,Disloyal,Work,TRUE
101022,11022,52,38.51428826,115.5428648,Uncommited,School,FALSE
100798,10798,57,2.690485701,40.35728552,Disloyal,School,TRUE
100601,10601,29,26.3246576,263.246576,Disloyal,School,FALSE
101058,11058,87,38.28189101,95.70472753,Loyal,Home,TRUE
100559,10559,40,53.55249773,133.8812443,Uncommited,Home,FALSE
101074,11074,16,36.09079056,90.22697639,Uncommited,Home,TRUE
101028,11028,84,38.07114953,114.2134486,Disloyal,School,FALSE
100671,10671,8,2.846289354,42.69434032,Uncommited,Work,TRUE
100872,10872,107,46.75878924,116.8969731,Disloyal,Home,FALSE
100891,10891,94,46.24594982,115.6148746,Loyal,Home,FALSE
100139,10139,60,3.538086305,53.07129458,Uncommited,Work,TRUE
100971,10971,64,2.428950249,36.43425373,Disloyal,School,FALSE
100935,10935,75,45.07102951,112.6775738,Disloyal,Work,TRUE
100931,10931,60,2.514280004,37.71420006,Loyal,Work,FALSE
100552,10552,5,50.6860144,152.0580432,Loyal,School,FALSE
100594,10594,55,2.928434874,43.9265231,Disloyal,School,FALSE
100588,10588,1,52.80993147,132.0248287,Uncommited,Work,TRUE
100543,10543,76,2.992634528,44.88951793,Uncommited,Home,FALSE
100610,10610,70,2.913901163,43.70851745,Loyal,Home,TRUE
100864,10864,104,2.611512101,39.17268152,Loyal,Home,FALSE
100854,10854,27,2.62655594,39.3983391,Uncommited,Home,TRUE
100040,10040,119,34.74764997,347.4764997,Loyal,School,FALSE
100689,10689,47,2.829735901,42.44603852,Uncommited,School,TRUE
100174,10174,7,3.483859171,52.25788756,Uncommited,School,FALSE
100630,10630,66,52.1444471,130.3611178,Disloyal,Work,FALSE
100031,10031,18,34.97310601,349.7310601,Uncommited,Work,TRUE
100905,10905,18,2.550083338,38.25125008,Uncommited,Home,FALSE
101041,11041,107,2.199822481,32.99733721,Disloyal,Home,TRUE
100438,10438,65,56.20191152,140.5047788,Disloyal,Home,TRUE
100281,10281,43,56.46010813,169.3803244,Disloyal,School,FALSE
101066,11066,117,37.19779314,92.99448286,Uncommited,Work,TRUE
100050,10050,31,69.01755297,172.5438824,Disloyal,Work,FALSE
100241,10241,21,30.28386302,302.8386302,Loyal,Home,TRUE
101098,11098,109,1.501831992,22.52747988,Uncommited,School,FALSE
100021,10021,53,4.006329425,60.09494138,Disloyal,Work,FALSE
101048,11048,105,36.94108988,110.8232696,Loyal,Home,FALSE
100251,10251,65,56.99923164,170.9976949,Loyal,Home,FALSE
100439,10439,39,56.16819738,140.4204934,Loyal,School,FALSE
100086,10086,14,33.16912398,331.6912398,Loyal,Work,FALSE
100207,10207,108,3.418892797,51.28339196,Uncommited,School,TRUE
100399,10399,117,57.09509147,142.7377287,Uncommited,Home,FALSE
100784,10784,48,46.0184164,138.0552492,Uncommited,School,FALSE
100505,10505,96,3.059712977,45.89569466,Loyal,Home,FALSE
100541,10541,36,53.92353158,134.808829,Disloyal,School,FALSE
100667,10667,93,51.3288921,128.3222303,Loyal,School,TRUE
100562,10562,42,53.54132467,133.8533117,Disloyal,Work,FALSE
101042,11042,23,39.56847466,98.92118665,Disloyal,Home,TRUE
100840,10840,101,2.644050624,39.66075937,Loyal,School,FALSE
100831,10831,79,2.652463733,39.786956,Disloyal,Home,TRUE
100538,10538,86,3.001424327,45.02136491,Uncommited,Work,TRUE
100112,10112,22,3.601744341,54.02616511,Uncommited,School,TRUE
100525,10525,109,3.016215416,45.24323124,Uncommited,Home,FALSE
100335,10335,60,3.243239482,48.64859222,Uncommited,School,TRUE
100449,10449,22,3.114378618,46.71567926,Disloyal,Home,FALSE
100448,10448,55,56.0595856,140.148964,Loyal,Work,FALSE
100734,10734,75,2.782312235,41.73468353,Uncommited,Work,TRUE
100526,10526,24,54.27437049,135.6859262,Disloyal,Home,FALSE
100811,10811,23,2.675044699,40.12567048,Loyal,Work,FALSE
100101,10101,120,65.7746913,164.4367282,Disloyal,Work,TRUE
100030,10030,105,3.889772105,58.34658158,Disloyal,Home,FALSE
100956,10956,46,44.36734523,110.9183631,Disloyal,Work,TRUE
100542,10542,27,53.86923211,134.6730803,Loyal,School,FALSE
101020,11020,63,2.269412522,34.04118783,Uncommited,Home,TRUE
100451,10451,103,56.04653158,140.116329,Loyal,Work,TRUE
100807,10807,88,24.11550582,241.1550582,Loyal,Work,TRUE
100804,10804,109,48.30108362,120.752709,Uncommited,Work,TRUE
100147,10147,102,3.52344347,52.85165205,Disloyal,Home,TRUE
100316,10316,58,58.85143314,147.1285829,Disloyal,Home,TRUE
100450,10450,37,56.04910002,140.12275,Uncommited,School,TRUE
100996,10996,55,39.96425735,119.892772,Loyal,Work,FALSE
100182,10182,47,31.20525229,312.0525229,Uncommited,School,FALSE
100770,10770,97,48.95641615,122.3910404,Disloyal,Home,TRUE
100358,10358,106,3.215833615,48.23750423,Uncommited,School,TRUE
100549,10549,85,53.76195841,134.404896,Uncommited,School,TRUE
100782,10782,44,2.707532655,40.61298983,Uncommited,Work,TRUE
100226,10226,117,3.391656775,50.87485162,Disloyal,School,FALSE
100099,10099,41,3.654914101,54.82371151,Uncommited,Work,TRUE
100371,10371,65,57.60688881,144.017222,Loyal,School,TRUE
100756,10756,10,49.37308799,123.43272,Loyal,School,TRUE
100991,10991,116,42.78440924,106.9610231,Loyal,Work,FALSE
100557,10557,43,53.58231158,133.955779,Disloyal,Work,TRUE
100049,10049,59,34.55554512,345.5554512,Uncommited,Work,FALSE
100508,10508,21,3.056139059,45.84208589,Disloyal,School,FALSE
101035,11035,96,2.215843992,33.23765988,Uncommited,School,TRUE
100271,10271,86,59.97789269,149.9447317,Loyal,Work,TRUE
100225,10225,3,3.391908839,50.87863259,Disloyal,School,TRUE
100142,10142,9,31.79780377,317.9780377,Disloyal,Home,TRUE
100240,10240,72,60.5983081,151.4957703,Uncommited,School,TRUE
101046,11046,69,37.04857707,111.1457312,Disloyal,Work,FALSE
100443,10443,22,28.0588028,280.588028,Loyal,School,FALSE
100370,10370,77,3.201070666,48.01605999,Disloyal,School,TRUE
100570,10570,35,2.959539841,44.39309761,Disloyal,Work,TRUE
100312,10312,108,55.71035238,167.1310571,Disloyal,Home,FALSE
100212,10212,119,61.38939534,153.4734884,Uncommited,Home,TRUE
101096,11096,87,28.40498135,85.21494405,Disloyal,School,FALSE
100471,10471,96,55.79257755,139.4814439,Disloyal,School,FALSE
100575,10575,79,2.944544897,44.16817345,Loyal,Work,FALSE
100193,10193,50,61.92521438,154.813036,Loyal,Work,TRUE
100433,10433,20,56.34646205,140.8661551,Disloyal,School,FALSE
100345,10345,8,3.231468829,48.47203244,Disloyal,School,TRUE
100379,10379,109,3.191052056,47.86578084,Disloyal,School,FALSE
100058,10058,16,34.13692705,341.3692705,Disloyal,School,FALSE
100458,10458,30,55.95635417,139.8908854,Loyal,Home,FALSE
100456,10456,85,55.98530968,139.9632742,Loyal,Home,TRUE
101014,11014,36,41.29242119,103.231053,Uncommited,Home,TRUE
100965,10965,61,43.94241263,109.8560316,Loyal,Home,TRUE
100484,10484,88,3.078560669,46.17841004,Uncommited,School,FALSE
101088,11088,89,31.25691295,93.77073884,Loyal,Home,TRUE
100286,10286,93,3.3172406,49.758609,Loyal,Home,FALSE
100695,10695,41,2.824611915,42.36917872,Loyal,School,TRUE
100859,10859,78,44.52204847,133.5661454,Loyal,School,FALSE
100894,10894,33,2.564365237,38.46547855,Uncommited,School,FALSE
101099,11099,111,25.43185367,76.29556102,Uncommited,Work,TRUE
100255,10255,86,30.14109421,301.4109421,Disloyal,Work,FALSE
100341,10341,29,58.1988635,145.4971587,Disloyal,School,FALSE
100169,10169,5,31.45591299,314.5591299,Uncommited,School,TRUE
100822,10822,15,2.659976722,39.89965082,Disloyal,Home,FALSE
100979,10979,51,2.410724676,36.16087014,Uncommited,School,TRUE
100870,10870,95,2.598198739,38.97298109,Loyal,Home,TRUE
100916,10916,17,45.68821048,114.2205262,Uncommited,Home,TRUE
100918,10918,110,45.67442143,114.1860536,Uncommited,Home,TRUE
100470,10470,61,55.79591811,139.4897953,Loyal,Home,FALSE
100883,10883,9,46.51363311,116.2840828,Loyal,School,FALSE
100950,10950,66,44.54162461,111.3540615,Uncommited,Work,TRUE
100007,10007,12,4.223711199,63.35566798,Uncommited,School,FALSE
101051,11051,39,36.83681384,110.5104415,Loyal,Home,TRUE
100352,10352,5,3.223347787,48.3502168,Disloyal,School,FALSE
100217,10217,114,61.25561751,153.1390438,Disloyal,Home,FALSE
100954,10954,52,44.42923688,111.0730922,Disloyal,School,FALSE
100545,10545,41,2.991119831,44.86679746,Uncommited,Home,FALSE
100412,10412,36,53.65702732,160.971082,Disloyal,Work,FALSE
100024,10024,119,3.958794951,59.38192427,Disloyal,School,FALSE
100231,10231,108,60.79805382,151.9951346,Uncommited,Work,TRUE
100802,10802,91,2.685572613,40.28358919,Disloyal,Work,TRUE
100515,10515,111,54.7602487,136.9006217,Loyal,Work,TRUE
100606,10606,25,52.53171017,131.3292754,Disloyal,Home,FALSE
100704,10704,61,50.70349638,126.758741,Uncommited,Work,FALSE
100404,10404,92,56.96820558,142.4205139,Loyal,Home,TRUE
100714,10714,82,50.42806804,126.0701701,Loyal,Work,TRUE
100010,10010,80,37.29031213,372.9031213,Uncommited,Home,FALSE
100357,10357,15,3.216696805,48.25045208,Disloyal,School,FALSE
100057,10057,81,34.17616765,341.7616765,Disloyal,Work,TRUE
100720,10720,120,50.33331952,125.8332988,Uncommited,School,TRUE
100919,10919,93,45.67361994,114.1840499,Loyal,Work,FALSE
101045,11045,99,37.22352945,111.6705884,Disloyal,Work,FALSE
101043,11043,78,39.5440705,98.86017624,Loyal,Home,FALSE
100703,10703,73,2.820142971,42.30214456,Disloyal,Home,TRUE
100536,10536,46,54.05736009,135.1434002,Disloyal,Home,TRUE
100688,10688,82,2.830248633,42.4537295,Disloyal,School,FALSE
100416,10416,70,53.59983429,160.7995029,Loyal,School,FALSE
100481,10481,112,55.50968207,138.7742052,Uncommited,Home,TRUE
100827,10827,81,2.658218797,39.87328196,Disloyal,Work,FALSE
100044,10044,34,3.850169002,57.75253503,Disloyal,Home,TRUE
100613,10613,6,2.910917705,43.66376558,Disloyal,Home,FALSE
100873,10873,73,46.74284668,116.8571167,Loyal,Work,FALSE
100325,10325,55,3.261631385,48.92447077,Disloyal,Home,FALSE
100611,10611,106,52.43832713,131.0958178,Disloyal,Home,FALSE
100068,10068,50,67.37203555,168.4300889,Uncommited,School,TRUE
100548,10548,8,50.78602475,152.3580743,Disloyal,Work,TRUE
100321,10321,64,58.76057581,146.9014395,Loyal,Work,TRUE
100514,10514,115,3.044431522,45.66647284,Loyal,School,FALSE
100533,10533,115,3.005019565,45.07529347,Uncommited,Work,TRUE
100043,10043,5,3.851795188,57.77692782,Disloyal,Home,TRUE
100976,10976,85,41.07655641,123.2296692,Disloyal,Work,TRUE
101019,11019,90,40.9254183,102.3135457,Uncommited,Work,FALSE
100199,10199,40,3.42909643,51.43644645,Uncommited,Work,TRUE
100577,10577,72,52.96462781,132.4115695,Loyal,Home,TRUE
100425,10425,96,3.138600496,47.07900743,Disloyal,Work,TRUE
100389,10389,38,57.23352099,143.0838025,Uncommited,School,FALSE
100643,10643,98,51.88943075,129.7235769,Loyal,Home,FALSE
100013,10013,8,36.75943916,367.5943916,Disloyal,Home,FALSE
100491,10491,54,55.29462597,138.2365649,Uncommited,Home,TRUE
100093,10093,26,66.05552956,165.1388239,Disloyal,School,FALSE
100272,10272,91,56.61962505,169.8588751,Uncommited,Home,FALSE
100842,10842,47,47.5699232,118.924808,Uncommited,Work,FALSE
100475,10475,114,55.67411336,139.1852834,Disloyal,Home,TRUE
100162,10162,62,31.54126644,315.4126644,Disloyal,School,TRUE
100190,10190,31,62.04287785,155.1071946,Loyal,School,FALSE
100775,10775,47,48.87433525,122.1858381,Loyal,Work,TRUE
100164,10164,75,62.99441531,157.4860383,Disloyal,Work,FALSE
100693,10693,71,50.87543772,127.1885943,Uncommited,Home,FALSE
100426,10426,107,3.1374648,47.061972,Uncommited,Home,FALSE
100759,10759,22,49.30616781,123.2654195,Loyal,School,FALSE
100585,10585,59,52.90161624,132.2540406,Uncommited,Home,TRUE
100997,10997,10,42.29898577,105.7474644,Loyal,Work,FALSE
101006,11006,51,39.46140547,118.3842164,Loyal,School,TRUE
100347,10347,33,3.229856906,48.44785359,Loyal,School,TRUE
100324,10324,85,3.26213281,48.93199216,Disloyal,Home,FALSE
100589,10589,46,2.93376227,44.00643405,Loyal,School,FALSE
100372,10372,43,57.56770224,143.9192556,Uncommited,Work,TRUE
100669,10669,53,2.84980238,42.74703571,Loyal,School,TRUE
100350,10350,107,3.224755254,48.37132882,Uncommited,School,FALSE
101011,11011,18,39.04616472,117.1384942,Disloyal,Work,TRUE
100299,10299,17,29.59505892,295.9505892,Loyal,School,TRUE
100717,10717,92,2.797151838,41.95727756,Uncommited,School,TRUE
100100,10100,80,32.88927058,328.8927058,Loyal,School,TRUE
100469,10469,17,27.90225269,279.0225269,Disloyal,Home,FALSE
100196,10196,61,3.435170673,51.52756009,Loyal,Home,TRUE
100348,10348,21,58.13456037,145.3364009,Loyal,Home,TRUE
100466,10466,64,3.104322891,46.56484336,Disloyal,Work,TRUE
100111,10111,69,3.604113794,54.06170691,Uncommited,Home,TRUE
100434,10434,87,3.130135761,46.95203642,Uncommited,School,FALSE
100547,10547,79,53.8055178,134.5137945,Disloyal,Home,TRUE
100120,10120,70,3.576457628,53.64686441,Disloyal,School,TRUE
100102,10102,83,3.631397987,54.4709698,Uncommited,Home,TRUE
100280,10280,50,59.78733065,149.4683266,Disloyal,Home,TRUE
100166,10166,95,62.98716375,157.4679094,Disloyal,School,TRUE
100603,10603,91,52.63830453,131.5957613,Loyal,School,FALSE
100070,10070,28,67.27653151,168.1913288,Uncommited,Home,TRUE
100187,10187,22,31.05706322,310.5706322,Loyal,Work,FALSE
100002,10002,9,4.736450348,71.04675521,Loyal,Work,FALSE
100899,10899,113,46.05509239,115.137731,Loyal,Home,FALSE
100584,10584,98,49.97492191,149.9247657,Loyal,Work,FALSE
100004,10004,97,40.17453504,401.7453504,Uncommited,School,FALSE
100504,10504,97,3.060416147,45.9062422,Disloyal,School,TRUE
100262,10262,72,3.343939954,50.15909931,Disloyal,Home,TRUE
101081,11081,23,33.00904449,99.02713347,Uncommited,Home,FALSE
100309,10309,1,3.279827335,49.19741002,Loyal,School,FALSE
100566,10566,59,2.968863218,44.53294827,Disloyal,Work,FALSE
100498,10498,52,55.1696528,137.924132,Disloyal,Home,FALSE
100944,10944,78,44.72923769,111.8230942,Disloyal,Work,TRUE
100216,10216,105,3.40378314,51.0567471,Loyal,School,FALSE
100521,10521,13,54.51980924,136.2995231,Disloyal,Home,TRUE
100686,10686,11,25.50150685,255.0150685,Uncommited,Work,FALSE
101072,11072,59,34.44972609,103.3491783,Loyal,Home,TRUE
100033,10033,40,34.90924337,349.0924337,Uncommited,Work,FALSE
100834,10834,99,45.05255971,135.1576791,Disloyal,Work,TRUE
100898,10898,102,46.08302434,115.2075608,Loyal,Home,TRUE
100260,10260,33,3.346355952,50.19533928,Disloyal,Work,FALSE
100629,10629,99,2.899011703,43.48517555,Uncommited,Work,TRUE
101064,11064,33,35.23870036,105.7161011,Uncommited,Home,FALSE
101095,11095,34,1.688353983,25.32530974,Loyal,Work,TRUE
100691,10691,40,25.45425761,254.5425761,Loyal,Home,TRUE
100063,10063,59,67.8598065,169.6495163,Uncommited,Home,FALSE
100989,10989,18,40.48454244,121.4536273,Loyal,Work,TRUE
101037,11037,40,39.71076293,99.27690732,Uncommited,Home,FALSE
100292,10292,70,3.30806802,49.6210203,Uncommited,School,FALSE
100565,10565,65,2.970354,44.55531,Loyal,School,FALSE
100170,10170,115,31.45393164,314.5393164,Uncommited,School,FALSE
100138,10138,11,3.538897749,53.08346624,Uncommited,Home,FALSE
100302,10302,11,59.13679554,147.8419889,Disloyal,Home,TRUE
100005,10005,28,4.357372406,65.36058609,Uncommited,Home,TRUE
101016,11016,27,38.89799561,116.6939868,Disloyal,Home,TRUE
100915,10915,101,45.68959862,114.2239965,Loyal,Work,TRUE
100305,10305,40,3.283596223,49.25394335,Loyal,Home,TRUE
100623,10623,56,52.2361012,130.590253,Uncommited,School,FALSE
100105,10105,117,3.619945406,54.29918109,Uncommited,Home,TRUE
100502,10502,69,27.56972914,275.6972914,Disloyal,School,FALSE
100137,10137,100,31.85354208,318.5354208,Uncommited,School,TRUE
100957,10957,93,2.464380256,36.96570385,Loyal,School,FALSE
100278,10278,43,3.325159229,49.87738844,Uncommited,School,TRUE
100192,10192,4,3.442250616,51.63375924,Disloyal,School,FALSE
100039,10039,65,3.861893194,57.9283979,Uncommited,School,TRUE
101010,11010,93,2.315062444,34.72593666,Loyal,Home,TRUE
100391,10391,70,3.17834865,47.67522975,Disloyal,School,FALSE
100368,10368,17,57.69606319,144.240158,Uncommited,Work,TRUE
100509,10509,13,3.054586154,45.81879231,Disloyal,Work,FALSE
100274,10274,43,3.329986139,49.94979208,Uncommited,School,TRUE
100387,10387,110,3.185916052,47.78874079,Disloyal,Home,TRUE
100172,10172,107,62.75917539,156.8979385,Loyal,Home,FALSE
100249,10249,3,3.355564695,50.33347042,Loyal,Home,TRUE
100890,10890,28,2.57005217,38.55078255,Loyal,School,TRUE
100632,10632,33,52.05933532,130.1483383,Loyal,Home,FALSE
100090,10090,91,3.675867095,55.13800642,Uncommited,School,FALSE
100653,10653,112,51.68517546,129.2129387,Disloyal,School,FALSE
101017,11017,68,38.86197076,116.5859123,Uncommited,Home,TRUE
100662,10662,119,51.44084887,128.6021222,Disloyal,Home,TRUE
100800,10800,60,48.39182412,120.9795603,Disloyal,Work,FALSE
100128,10128,42,63.99629544,159.9907386,Uncommited,Work,TRUE
100911,10911,37,2.54487632,38.1731448,Disloyal,School,FALSE
100924,10924,89,43.05823695,129.1747108,Uncommited,School,FALSE
100264,10264,12,3.34140396,50.1210594,Uncommited,School,FALSE
100288,10288,77,3.313868289,49.70802433,Loyal,Home,FALSE
100467,10467,33,3.101504992,46.52257488,Disloyal,School,FALSE
100489,10489,15,3.073244532,46.09866798,Loyal,Work,TRUE
100339,10339,77,58.25077357,145.6269339,Uncommited,Work,FALSE
100537,10537,32,3.001582116,45.02373174,Uncommited,Home,TRUE
100156,10156,47,3.513556692,52.70335038,Loyal,School,TRUE
100656,10656,32,51.6139248,129.034812,Loyal,School,FALSE
100134,10134,105,31.90915065,319.0915065,Disloyal,School,TRUE
100053,10053,16,3.815806758,57.23710137,Loyal,Home,FALSE
100749,10749,94,49.47900109,123.6975027,Disloyal,Home,TRUE
100314,10314,40,29.47369449,294.7369449,Uncommited,Home,FALSE
100268,10268,80,3.335522741,50.03284112,Loyal,Work,TRUE
100221,10221,4,61.12485889,152.8121472,Uncommited,School,TRUE
100227,10227,110,3.382616979,50.73925468,Loyal,School,TRUE
100344,10344,47,58.17914694,145.4478674,Disloyal,School,TRUE
100871,10871,108,2.597833241,38.96749862,Disloyal,Work,FALSE
100813,10813,76,2.672456794,40.0868519,Loyal,School,FALSE
100317,10317,47,29.41580449,294.1580449,Uncommited,Work,TRUE
101013,11013,68,39.02212934,117.066388,Uncommited,Home,FALSE
100884,10884,28,46.45658354,116.1414588,Disloyal,School,FALSE
100932,10932,80,2.509445242,37.64167863,Disloyal,Home,FALSE
100336,10336,52,3.240444051,48.60666076,Disloyal,Work,TRUE
100459,10459,17,3.108304201,46.62456301,Disloyal,Work,TRUE
100650,10650,19,2.876159208,43.14238813,Disloyal,Work,FALSE
101065,11065,18,37.28121385,93.20303464,Disloyal,Home,FALSE
100680,10680,114,51.07951456,127.6987864,Uncommited,Home,TRUE
100769,10769,100,46.24701075,138.7410323,Loyal,Home,TRUE
100270,10270,118,3.33333829,50.00007435,Disloyal,Work,TRUE
100042,10042,108,34.69611568,346.9611568,Disloyal,Home,FALSE
101021,11021,1,2.269253988,34.03880981,Uncommited,Home,TRUE
100732,10732,99,50.13973616,125.3493404,Disloyal,Home,TRUE
100405,10405,33,3.163712996,47.45569495,Loyal,School,FALSE
100163,10163,47,63.04913402,157.6228351,Disloyal,Work,FALSE
100642,10642,94,2.8831131,43.2466965,Uncommited,Work,FALSE
101026,11026,12,40.42363508,101.0590877,Uncommited,Home,TRUE
100237,10237,88,60.66963606,151.6740901,Uncommited,Work,FALSE
100947,10947,93,2.482805787,37.2420868,Uncommited,School,FALSE
100454,10454,80,27.99861474,279.9861474,Uncommited,School,FALSE
100363,10363,27,57.76026073,144.4006518,Disloyal,Home,FALSE
100178,10178,45,3.475422321,52.13133482,Loyal,Home,TRUE
100019,10019,41,72.44990806,181.1247702,Disloyal,Work,TRUE
100993,10993,21,42.65336704,106.6334176,Loyal,School,TRUE
100963,10963,107,44.05449234,110.1362309,Disloyal,School,FALSE
100627,10627,19,52.18853069,130.4713267,Disloyal,Home,TRUE
100587,10587,112,2.934026158,44.01039238,Loyal,Work,FALSE
100052,10052,87,3.819761702,57.29642553,Uncommited,School,TRUE
100786,10786,45,48.6638379,121.6595948,Disloyal,School,TRUE
100999,10999,37,21.07499616,210.7499616,Disloyal,School,FALSE
100197,10197,15,30.91412065,309.1412065,Loyal,Home,TRUE
100343,10343,75,29.08982148,290.8982148,Disloyal,Work,FALSE
100690,10690,95,50.92925858,127.3231464,Disloyal,School,TRUE
100183,10183,64,3.466036077,51.99054116,Loyal,Work,FALSE
100824,10824,91,2.659261424,39.88892136,Loyal,Home,TRUE
100117,10117,107,3.591532594,53.8729889,Loyal,School,TRUE
100953,10953,5,2.47014564,37.0521846,Loyal,Home,FALSE
100285,10285,106,3.318516856,49.77775284,Uncommited,Work,TRUE
100209,10209,12,30.73572999,307.3572999,Uncommited,Work,FALSE
100990,10990,47,42.79585264,106.9896316,Loyal,Work,TRUE
100910,10910,110,45.81555753,114.5388938,Uncommited,School,FALSE
100886,10886,18,46.33297582,115.8324395,Uncommited,Work,FALSE
100701,10701,44,2.821636853,42.3245528,Disloyal,Home,TRUE
100878,10878,82,2.591474451,38.87211676,Uncommited,Home,FALSE
100936,10936,55,42.50161279,127.5048384,Uncommited,School,FALSE
100482,10482,64,55.46460116,138.6615029,Loyal,School,TRUE
100214,10214,71,3.406219537,51.09329305,Disloyal,Home,FALSE
100913,10913,104,45.73961404,114.3490351,Loyal,Work,TRUE
100045,10045,88,3.849085522,57.73628283,Uncommited,School,FALSE
100496,10496,43,3.067280094,46.0092014,Loyal,Work,FALSE
100071,10071,62,67.22704822,168.0676206,Uncommited,School,FALSE
100837,10837,67,2.648788057,39.73182085,Disloyal,School,TRUE
100173,10173,106,62.75224153,156.8806038,Uncommited,School,FALSE
100096,10096,2,3.663820005,54.95730007,Uncommited,Work,TRUE
100975,10975,77,2.417469854,36.2620478,Loyal,Home,TRUE
100084,10084,71,33.19521093,331.9521093,Loyal,School,FALSE
100083,10083,9,33.20358023,332.0358023,Uncommited,Work,TRUE
100666,10666,57,51.36405981,128.4101495,Uncommited,Work,FALSE
100867,10867,41,2.604460699,39.06691048,Loyal,Work,FALSE
100220,10220,100,61.13907304,152.8476826,Loyal,School,TRUE
100076,10076,58,66.69159271,166.7289818,Loyal,Home,TRUE
100089,10089,44,3.676918075,55.15377112,Disloyal,Work,TRUE
100897,10897,99,46.10362279,115.259057,Uncommited,Home,TRUE
100757,10757,82,24.68166671,246.8166671,Loyal,School,TRUE
100779,10779,118,46.10087718,138.3026315,Disloyal,Home,TRUE
100338,10338,99,55.07572714,165.2271814,Uncommited,Work,FALSE
100636,10636,20,2.889948067,43.349221,Uncommited,Work,TRUE
100298,10298,102,3.294028595,49.41042892,Uncommited,School,TRUE
100293,10293,24,59.44827541,148.6206885,Disloyal,Home,TRUE
100569,10569,115,53.28973321,133.224333,Disloyal,School,FALSE
100875,10875,98,2.594698301,38.92047452,Loyal,Work,TRUE
100510,10510,38,27.47854326,274.7854326,Loyal,Work,FALSE
100427,10427,10,3.137070305,47.05605457,Loyal,School,FALSE
100247,10247,84,60.41505936,151.0376484,Disloyal,School,TRUE
100713,10713,20,2.803225833,42.0483875,Disloyal,School,FALSE
100819,10819,54,47.91067959,119.776699,Uncommited,Work,FALSE
100346,10346,23,3.230915652,48.46373478,Disloyal,Home,FALSE
100289,10289,41,3.312116047,49.68174071,Uncommited,Home,TRUE
100725,10725,101,50.24266264,125.6066566,Loyal,School,TRUE
100437,10437,99,56.24561162,140.614029,Loyal,Home,FALSE
100719,10719,57,2.796543929,41.94815893,Disloyal,School,FALSE
100637,10637,79,49.10650961,147.3195288,Disloyal,School,TRUE
100967,10967,101,2.436681239,36.55021858,Loyal,Home,TRUE
100862,10862,19,2.612228205,39.18342308,Uncommited,School,TRUE
100995,10995,74,2.357913059,35.36869589,Disloyal,Work,FALSE
100679,10679,115,51.08395081,127.709877,Disloyal,Home,TRUE
100091,10091,18,33.06943774,330.6943774,Loyal,Work,TRUE
100677,10677,114,2.838282446,42.5742367,Disloyal,School,FALSE
100774,10774,105,2.7164658,40.746987,Loyal,Home,FALSE
100239,10239,15,60.60774534,151.5193634,Disloyal,Work,TRUE
100385,10385,48,57.35662879,143.391572,Uncommited,Work,FALSE
100202,10202,100,61.66966654,154.1741663,Disloyal,Home,TRUE
100978,10978,69,43.42744933,108.5686233,Disloyal,Work,TRUE
100023,10023,82,35.94420566,359.4420566,Disloyal,Home,TRUE
100948,10948,10,44.67507377,111.6876844,Disloyal,Home,FALSE
100420,10420,81,56.64072332,141.6018083,Uncommited,School,TRUE
100188,10188,88,3.449561329,51.74341994,Disloyal,School,TRUE
100254,10254,41,3.349024573,50.2353686,Uncommited,Work,TRUE
100204,10204,87,30.81057413,308.1057413,Loyal,School,FALSE
100490,10490,30,3.072220819,46.08331228,Loyal,Home,TRUE
101000,11000,42,42.10819107,105.2704777,Uncommited,Home,TRUE
100682,10682,59,51.02705488,127.5676372,Uncommited,Home,FALSE
100326,10326,87,58.6198253,146.5495633,Uncommited,Home,TRUE
100331,10331,71,58.42680856,146.0670214,Disloyal,School,TRUE
100860,10860,26,2.617636608,39.26454913,Disloyal,Home,FALSE
100823,10823,120,47.87772776,119.6943194,Uncommited,School,FALSE
100447,10447,102,3.115544877,46.73317315,Loyal,Work,TRUE
100881,10881,36,46.54168005,116.3542001,Disloyal,Home,FALSE
101078,11078,75,35.61244741,89.03111853,Uncommited,Work,TRUE
101094,11094,52,29.59761886,88.79285658,Loyal,School,FALSE
100276,10276,55,3.327411309,49.91116963,Uncommited,Home,TRUE
100422,10422,11,3.140342746,47.1051412,Uncommited,Work,TRUE
100011,10011,68,4.122677781,61.84016671,Uncommited,Work,TRUE
100232,10232,26,3.377182266,50.65773398,Uncommited,Home,FALSE
100463,10463,4,55.90102486,139.7525621,Loyal,Home,FALSE
100615,10615,7,2.909266254,43.63899381,Disloyal,Work,TRUE
100958,10958,8,2.463277266,36.94915899,Loyal,Work,TRUE
101015,11015,70,41.21457509,103.0364377,Loyal,Home,TRUE
100868,10868,34,2.602998802,39.04498203,Uncommited,Work,TRUE
100904,10904,50,45.90383158,114.7595789,Loyal,School,FALSE
100296,10296,37,59.34424411,148.3606103,Disloyal,Home,TRUE
100464,10464,70,55.89480395,139.7370099,Disloyal,School,FALSE
100752,10752,26,2.747128321,41.20692482,Loyal,Home,TRUE
101047,11047,88,39.21912012,98.04780031,Disloyal,School,TRUE
100206,10206,11,61.57647872,153.9411968,Uncommited,School,TRUE
100739,10739,5,2.775648652,41.63472978,Loyal,School,TRUE
100460,10460,19,55.94854564,139.8713641,Disloyal,Work,FALSE
100928,10928,114,2.518301005,37.77451507,Disloyal,Home,TRUE
100116,10116,16,32.35273201,323.5273201,Uncommited,School,FALSE
100832,10832,100,45.0816238,135.2448714,Uncommited,School,TRUE
100896,10896,84,2.561558317,38.42337475,Uncommited,Work,FALSE
100809,10809,15,48.18050281,120.451257,Loyal,Work,FALSE
100160,10160,91,3.506062076,52.59093114,Loyal,School,TRUE
100987,10987,48,42.97720709,107.4430177,Uncommited,Work,TRUE
100705,10705,5,50.6565353,126.6413383,Disloyal,Work,TRUE
100073,10073,71,3.723737754,55.85606631,Uncommited,School,FALSE
100847,10847,80,47.47011278,118.675282,Disloyal,Home,TRUE
100821,10821,65,47.89139082,119.728477,Loyal,School,FALSE
100617,10617,71,52.32133119,130.803328,Loyal,School,FALSE
100378,10378,33,3.191297633,47.8694645,Disloyal,School,FALSE
100361,10361,67,3.212388974,48.18583462,Disloyal,School,TRUE
100733,10733,91,47.34487743,142.0346323,Loyal,Home,FALSE
100929,10929,40,2.515135966,37.72703949,Loyal,School,FALSE
100567,10567,31,53.4257605,133.5644013,Disloyal,School,FALSE
100041,10041,8,3.856037483,57.84056225,Uncommited,Home,FALSE
100148,10148,12,3.523336615,52.85004922,Uncommited,Home,FALSE
100580,10580,85,2.941381673,44.12072509,Disloyal,Work,TRUE
100844,10844,25,47.5287952,118.821988,Disloyal,Home,FALSE
100828,10828,27,2.656487117,39.84730675,Loyal,Work,TRUE
101075,11075,12,1.986609257,29.79913885,Uncommited,Work,FALSE
100951,10951,38,2.472713637,37.09070456,Loyal,School,FALSE
100114,10114,108,3.599330951,53.98996427,Loyal,Work,FALSE
100364,10364,30,57.74201631,144.3550408,Disloyal,Home,TRUE
100966,10966,12,41.45018414,124.3505524,Loyal,School,FALSE
100668,10668,104,48.45779977,145.3733993,Loyal,Home,TRUE
101067,11067,88,35.05481757,105.1644527,Disloyal,Work,TRUE
100604,10604,33,52.6156091,131.5390228,Disloyal,Home,TRUE
100327,10327,112,58.61126021,146.5281505,Disloyal,School,FALSE
100154,10154,53,3.515406576,52.73109865,Uncommited,School,TRUE
100912,10912,48,45.77444747,114.4361187,Loyal,Home,FALSE
100539,10539,17,3.001149823,45.01724734,Uncommited,Home,FALSE
100421,10421,85,56.63356546,141.5839137,Disloyal,School,TRUE
100614,10614,86,52.38713322,130.967833,Disloyal,Home,TRUE
100687,10687,36,2.831219167,42.46828751,Disloyal,Home,TRUE
100946,10946,16,2.483377631,37.25066446,Loyal,School,TRUE
100522,10522,69,54.50476998,136.261925,Uncommited,Work,TRUE
100095,10095,110,3.665705886,54.9855883,Disloyal,Work,FALSE
100974,10974,99,43.52525165,108.8131291,Disloyal,School,FALSE
100430,10430,28,56.36936027,140.9234007,Uncommited,School,TRUE
100962,10962,58,2.447604959,36.71407439,Loyal,Home,TRUE
100678,10678,60,2.838217669,42.57326504,Loyal,Work,TRUE
100210,10210,58,3.411120263,51.16680395,Disloyal,School,FALSE
100986,10986,73,40.81434605,122.4430382,Disloyal,School,FALSE
100573,10573,29,2.949655357,44.24483035,Uncommited,Home,TRUE
100799,10799,25,24.21373233,242.1373233,Uncommited,School,FALSE
100818,10818,76,47.947402,119.868505,Disloyal,Home,FALSE
100110,10110,25,64.90348081,162.258702,Loyal,Work,FALSE
100785,10785,67,46.00714684,138.0214405,Disloyal,School,FALSE
100612,10612,23,52.40759917,131.0189979,Loyal,School,TRUE
100082,10082,18,3.691668535,55.37502802,Loyal,Work,TRUE
100277,10277,25,59.88258269,149.7064567,Loyal,Work,TRUE
100618,10618,92,52.30637194,130.7659298,Disloyal,Work,FALSE
100743,10743,44,2.766309156,41.49463735,Uncommited,Home,TRUE
100380,10380,32,57.43230365,143.5807591,Disloyal,School,FALSE
100362,10362,28,57.81314826,144.5328707,Disloyal,Home,TRUE
100841,10841,26,47.57904453,118.9476113,Loyal,Home,TRUE
100461,10461,49,3.107197215,46.60795823,Loyal,Home,FALSE
100080,10080,53,3.695360885,55.43041327,Disloyal,Home,FALSE
100356,10356,69,57.92849344,144.8212336,Loyal,School,FALSE
100527,10527,2,54.23354854,135.5838714,Disloyal,Work,FALSE
100486,10486,57,3.07578745,46.13681175,Loyal,School,FALSE
100516,10516,58,54.69459315,136.7364829,Loyal,School,FALSE
100879,10879,118,2.588196236,38.82294355,Uncommited,School,TRUE
100069,10069,77,67.28755025,168.2188756,Loyal,Work,TRUE
100198,10198,31,61.77882832,154.4470708,Uncommited,Home,FALSE
100318,10318,61,58.80870923,147.0217731,Disloyal,School,FALSE
100499,10499,91,55.15710297,137.8927574,Uncommited,School,TRUE
100006,10006,117,38.11235626,381.1235626,Uncommited,School,FALSE
100534,10534,43,51.07553294,153.2265988,Disloyal,Work,FALSE
100223,10223,34,30.5533496,305.533496,Disloyal,Work,FALSE
100681,10681,74,51.04471369,127.6117842,Loyal,Work,FALSE
100136,10136,61,31.85426327,318.5426327,Uncommited,Work,FALSE
100858,10858,43,47.14994225,117.8748556,Disloyal,School,FALSE
100330,10330,95,58.43197775,146.0799444,Disloyal,Home,TRUE
100118,10118,55,64.41815029,161.0453757,Uncommited,School,FALSE
100921,10921,64,2.536167126,38.04250689,Uncommited,School,FALSE
100969,10969,75,41.38156488,124.1446946,Disloyal,Work,TRUE
100920,10920,110,45.660265,114.1506625,Loyal,Home,FALSE
100605,10605,4,52.53284496,131.3321124,Disloyal,School,TRUE
100208,10208,30,3.418382728,51.27574093,Uncommited,Home,TRUE
100906,10906,30,45.88969627,114.7242407,Loyal,Home,FALSE
100059,10059,91,34.06418872,340.6418872,Disloyal,School,FALSE
100301,10301,88,3.286126845,49.29190268,Disloyal,Work,FALSE
100702,10702,33,2.82050924,42.3076386,Disloyal,Work,FALSE
101084,11084,1,34.36440687,85.91101717,Loyal,Work,TRUE
100661,10661,73,51.47498554,128.6874639,Uncommited,School,TRUE
100903,10903,79,45.96346583,114.9086646,Loyal,Work,TRUE
100568,10568,104,26.65270846,266.5270846,Disloyal,School,TRUE
100369,10369,114,3.204591949,48.06887924,Disloyal,Home,TRUE
100634,10634,100,49.15872712,147.4761814,Loyal,Home,FALSE
100506,10506,77,3.058877532,45.88316298,Loyal,School,TRUE
100628,10628,44,2.899191795,43.48787692,Uncommited,Home,FALSE
100660,10660,73,2.861112253,42.9166838,Disloyal,Work,FALSE
100097,10097,43,3.662861492,54.94292238,Disloyal,Home,TRUE
100692,10692,22,25.44301127,254.4301127,Uncommited,Work,TRUE
100706,10706,114,2.810705413,42.16058119,Disloyal,Work,FALSE
100275,10275,14,3.328751408,49.93127111,Loyal,School,FALSE
100622,10622,13,2.902015754,43.53023631,Uncommited,Work,TRUE
101089,11089,65,31.10698493,93.32095478,Disloyal,Work,TRUE
100597,10597,112,2.927232216,43.90848324,Uncommited,School,FALSE
100607,10607,6,49.58567619,148.7570286,Loyal,Work,TRUE
101054,11054,51,36.46530142,109.3959043,Disloyal,Home,TRUE
100001,10001,64,5.032108471,75.48162707,Loyal,Work,FALSE
100319,10319,9,3.266982946,49.0047442,Uncommited,Home,FALSE
100012,10012,5,37.01015759,370.1015759,Uncommited,School,FALSE
100179,10179,30,62.52674121,156.316853,Uncommited,Home,FALSE
100457,10457,12,55.96443753,139.9110938,Uncommited,School,TRUE
100092,10092,1,33.03107127,330.3107127,Disloyal,School,TRUE
100801,10801,21,24.19474895,241.9474895,Disloyal,Home,FALSE
100125,10125,106,32.00413651,320.0413651,Disloyal,Home,FALSE
101059,11059,118,2.1033039,31.5495585,Disloyal,Home,FALSE
100403,10403,91,3.165164965,47.47747448,Disloyal,School,TRUE
100501,10501,48,27.57013263,275.7013263,Uncommited,Work,FALSE
100723,10723,2,50.25994855,125.6498714,Disloyal,Work,FALSE
100311,10311,107,3.27926358,49.1889537,Disloyal,Home,FALSE
100697,10697,98,50.82642976,127.0660744,Loyal,Work,FALSE
100961,10961,26,44.19714559,110.492864,Uncommited,School,FALSE
100848,10848,53,47.45661628,118.6415407,Loyal,School,FALSE
100712,10712,19,50.46612648,126.1653162,Uncommited,Work,TRUE
100933,10933,14,45.14490488,112.8622622,Uncommited,Work,FALSE
100546,10546,11,53.83019781,134.5754945,Uncommited,School,FALSE
100153,10153,18,31.65394575,316.5394575,Uncommited,Work,TRUE
100768,10768,1,2.727007607,40.90511411,Loyal,School,TRUE
100755,10755,119,49.39287703,123.4821926,Disloyal,School,FALSE
100658,10658,30,48.69485428,146.0845628,Loyal,Work,TRUE
100793,10793,116,2.692285052,40.38427578,Uncommited,Work,TRUE
100748,10748,74,49.51540331,123.7885083,Disloyal,School,FALSE
100446,10446,59,28.04464419,280.4464419,Disloyal,School,TRUE
100155,10155,104,63.26871082,158.171777,Uncommited,School,FALSE
100715,10715,60,50.42062372,126.0515593,Loyal,Home,TRUE
101030,11030,37,2.23471445,33.52071675,Loyal,Work,TRUE
100445,10445,50,56.10641136,140.2660284,Uncommited,Work,FALSE
100576,10576,7,52.97296155,132.4324039,Disloyal,Work,FALSE
100224,10224,76,30.5400787,305.400787,Uncommited,Home,FALSE
100431,10431,74,56.35106571,140.8776643,Loyal,School,TRUE
100310,10310,77,59.02746486,147.5686622,Loyal,School,TRUE
100590,10590,101,2.932053746,43.98080619,Uncommited,Work,TRUE
100129,10129,11,31.99401043,319.9401043,Loyal,Home,TRUE
100863,10863,4,2.611560065,39.17340097,Loyal,School,TRUE
100074,10074,23,66.92935485,167.3233871,Disloyal,School,TRUE
100428,10428,110,56.46374552,141.1593638,Loyal,Home,FALSE
100055,10055,81,3.810115134,57.151727,Loyal,Home,FALSE
100382,10382,11,54.19840655,162.5952196,Disloyal,School,TRUE
100351,10351,10,3.224527334,48.36791002,Uncommited,School,FALSE
100180,10180,110,31.23950343,312.3950343,Loyal,Home,TRUE
100765,10765,82,49.15866056,122.8966514,Disloyal,Work,FALSE
100106,10106,18,32.54537478,325.4537478,Uncommited,Work,FALSE
100381,10381,3,28.70342563,287.0342563,Uncommited,Work,TRUE
100018,10018,68,4.03271431,60.49071464,Disloyal,Home,FALSE
101077,11077,82,33.65756527,100.9726958,Loyal,Work,FALSE
100283,10283,66,3.319126135,49.78689202,Disloyal,Work,FALSE
100742,10742,16,49.84553624,124.6138406,Loyal,Home,FALSE
100168,10168,44,31.46319968,314.6319968,Uncommited,School,FALSE
101029,11029,37,40.23113729,100.5778432,Uncommited,Work,FALSE
100151,10151,9,3.520651638,52.80977457,Loyal,Home,FALSE
100359,10359,39,57.85076219,144.6269055,Disloyal,School,FALSE
100795,10795,80,48.43343482,121.083587,Uncommited,Work,TRUE
100108,10108,72,3.615605406,54.2340811,Loyal,Home,TRUE
100762,10762,64,2.735001377,41.02502066,Loyal,Work,TRUE
100287,10287,31,29.83672368,298.3672368,Uncommited,School,TRUE
100233,10233,81,3.377168027,50.65752041,Uncommited,School,TRUE
101040,11040,36,37.41366218,112.2409865,Loyal,Home,TRUE
100494,10494,9,3.067784443,46.01676665,Uncommited,Home,FALSE
100710,10710,65,2.806721215,42.10081823,Uncommited,School,FALSE
100647,10647,101,2.879536516,43.19304774,Disloyal,School,TRUE
100176,10176,37,62.66196895,156.6549224,Loyal,Work,FALSE
101050,11050,10,39.02050066,97.55125166,Uncommited,Work,TRUE
100815,10815,23,48.05859146,120.1464786,Loyal,School,TRUE
100648,10648,64,51.7908637,129.4771593,Disloyal,School,FALSE
100423,10423,120,3.139283714,47.08925571,Loyal,Work,TRUE
100133,10133,12,31.91145419,319.1145419,Uncommited,Home,TRUE
100250,10250,15,3.355536034,50.33304052,Uncommited,Work,FALSE
100783,10783,91,46.02252899,138.067587,Loyal,Home,FALSE
100497,10497,91,3.065943276,45.98914914,Loyal,Home,TRUE
100355,10355,14,3.218298683,48.27448024,Uncommited,School,FALSE
100880,10880,7,2.586081333,38.79121999,Disloyal,Home,FALSE
100015,10015,94,4.058848433,60.88272649,Loyal,School,TRUE
100258,10258,120,30.12794859,301.2794859,Disloyal,School,TRUE
100109,10109,97,3.607629877,54.11444816,Uncommited,Work,FALSE
100930,10930,62,45.26297714,113.1574429,Disloyal,Home,FALSE
100078,10078,2,3.700638583,55.50957875,Uncommited,Home,TRUE
100203,10203,85,30.81351214,308.1351214,Disloyal,School,FALSE
100985,10985,73,43.22020252,108.0505063,Uncommited,School,TRUE
100699,10699,65,50.80076938,127.0019234,Disloyal,Work,FALSE
100417,10417,92,3.152748662,47.29122993,Disloyal,School,FALSE
101087,11087,79,33.44484927,83.61212317,Disloyal,Work,TRUE
100009,10009,103,75.24094789,188.1023697,Loyal,Home,FALSE
100236,10236,85,60.70994867,151.7748717,Disloyal,School,TRUE
100047,10047,89,69.23491054,173.0872763,Loyal,Home,TRUE
100119,10119,66,3.578433151,53.67649727,Uncommited,School,FALSE
100473,10473,53,3.098974034,46.48461051,Uncommited,Work,TRUE
100635,10635,19,52.03326058,130.0831514,Loyal,Work,FALSE
100048,10048,113,3.841944714,57.62917071,Loyal,Home,FALSE
100738,10738,3,49.97533527,124.9383382,Disloyal,Work,TRUE
100571,10571,63,53.16725714,132.9181429,Disloyal,Home,TRUE
100959,10959,67,41.84149226,125.5244768,Uncommited,Work,FALSE
100144,10144,63,3.530937383,52.96406075,Loyal,School,TRUE
100088,10088,59,3.677201438,55.15802156,Disloyal,School,FALSE
100796,10796,50,2.690718993,40.36078489,Loyal,School,FALSE
100586,10586,61,52.83455851,132.0863963,Disloyal,Home,TRUE
100885,10885,13,46.43035844,116.0758961,Loyal,Home,FALSE
100388,10388,104,3.185813103,47.78719655,Uncommited,School,TRUE
100964,10964,98,41.51625425,124.5487628,Loyal,School,TRUE
100980,10980,47,43.35300219,108.3825055,Disloyal,Home,TRUE
100927,10927,118,45.42441586,113.5610397,Disloyal,School,TRUE
100934,10934,42,45.1380304,112.845076,Uncommited,Work,TRUE
100306,10306,7,59.09359579,147.7339895,Uncommited,Work,FALSE
100943,10943,63,2.487288111,37.30932167,Disloyal,Home,FALSE
101076,11076,23,33.70373584,101.1112075,Loyal,Work,FALSE
100238,10238,70,3.368830495,50.53245743,Uncommited,School,FALSE
100955,10955,22,41.92690923,125.7807277,Disloyal,School,FALSE
100663,10663,26,51.43996592,128.5999148,Disloyal,Home,FALSE
100279,10279,101,3.322044739,49.83067109,Loyal,Home,TRUE
100072,10072,20,33.59928418,335.9928418,Loyal,Home,TRUE
100113,10113,50,32.40286989,324.0286989,Uncommited,School,FALSE
100767,10767,92,2.72851618,40.9277427,Loyal,Home,FALSE
100820,10820,73,2.660847879,39.91271819,Disloyal,School,TRUE
100754,10754,70,49.43750574,123.5937644,Uncommited,Work,TRUE
100926,10926,13,45.44113998,113.60285,Disloyal,Home,TRUE
100104,10104,41,65.16703046,162.9175762,Uncommited,Home,TRUE
100269,10269,87,60.0230365,150.0575912,Uncommited,Work,TRUE
100861,10861,21,44.42721731,133.2816519,Disloyal,Home,FALSE
100384,10384,115,3.187382287,47.8107343,Uncommited,Home,TRUE
100806,10806,39,2.681353747,40.2203062,Uncommited,School,TRUE
100746,10746,78,46.8453727,140.5361181,Uncommited,Home,TRUE
100115,10115,72,64.7715224,161.928806,Disloyal,Work,TRUE
100895,10895,33,2.562960033,38.44440049,Disloyal,Work,TRUE
100474,10474,40,55.68823662,139.2205915,Disloyal,Home,TRUE
100334,10334,3,3.244166712,48.66250068,Disloyal,School,FALSE
100698,10698,95,2.822967705,42.34451558,Loyal,Work,TRUE
101086,11086,100,1.864948774,27.97423161,Loyal,Work,FALSE
100707,10707,16,2.810345176,42.15517765,Uncommited,Home,FALSE
100865,10865,19,2.610191497,39.15287246,Disloyal,School,FALSE
100817,10817,18,2.666649254,39.99973881,Loyal,Work,TRUE
100429,10429,69,3.134854511,47.02281767,Uncommited,School,FALSE
100376,10376,112,57.52522619,143.8130655,Loyal,Work,TRUE
100135,10135,45,3.540700502,53.11050752,Disloyal,Work,TRUE
100479,10479,97,55.56728165,138.9182041,Uncommited,Home,TRUE
100257,10257,43,60.25922504,150.6480626,Uncommited,Home,TRUE
101039,11039,18,37.43794362,112.3138308,Uncommited,Home,TRUE
100462,10462,44,55.91063517,139.7765879,Uncommited,School,TRUE
100132,10132,38,63.90751656,159.7687914,Disloyal,School,FALSE
100398,10398,80,57.09535289,142.7383822,Uncommited,Home,FALSE
100835,10835,39,45.05231405,135.1569422,Uncommited,School,FALSE
100849,10849,74,47.40865155,118.5216289,Disloyal,Work,TRUE
101049,11049,63,39.03154356,97.57885889,Uncommited,Home,TRUE
100396,10396,77,3.173419256,47.60128884,Uncommited,School,TRUE
100753,10753,79,46.69536505,140.0860951,Uncommited,Work,FALSE
101005,11005,113,2.324151765,34.86227647,Uncommited,Work,TRUE
100062,10062,60,3.770715124,56.56072686,Disloyal,Work,FALSE
100655,10655,88,2.86745128,43.0117692,Disloyal,Work,FALSE
100342,10342,25,3.232589085,48.48883627,Loyal,Home,FALSE
100413,10413,21,56.78889383,141.9722346,Disloyal,Work,FALSE
100909,10909,27,2.545381883,38.18072824,Disloyal,Work,TRUE
100432,10432,46,3.13055553,46.95833296,Loyal,Home,TRUE
100081,10081,72,66.47429209,166.1857302,Loyal,Home,TRUE
100825,10825,22,47.85694317,119.6423579,Uncommited,School,FALSE
100107,10107,18,65.08629272,162.7157318,Loyal,School,FALSE
100407,10407,25,3.160498954,47.40748431,Loyal,School,FALSE
100230,10230,31,3.378261084,50.67391625,Disloyal,Home,TRUE
100194,10194,42,61.88821784,154.7205446,Loyal,Home,FALSE
101097,11097,73,28.17307298,70.43268246,Loyal,Home,TRUE
100747,10747,3,24.79164147,247.9164147,Disloyal,Home,FALSE
100453,10453,108,3.11211293,46.68169395,Disloyal,School,TRUE
100322,10322,71,58.75023223,146.8755806,Loyal,School,TRUE
100098,10098,10,3.658668871,54.88003307,Loyal,Work,TRUE
100535,10535,92,54.07838658,135.1959665,Loyal,Work,FALSE
100659,10659,62,48.67597595,146.0279278,Uncommited,Work,FALSE
100836,10836,23,2.648919653,39.73379479,Disloyal,Home,FALSE
101004,11004,59,41.85839401,104.645985,Disloyal,Work,TRUE
100003,10003,69,42.09715535,420.9715535,Disloyal,Home,FALSE
100435,10435,89,56.27386197,140.6846549,Loyal,School,FALSE
100888,10888,26,2.572353892,38.58530838,Loyal,Work,TRUE
100853,10853,103,44.67285902,134.0185771,Uncommited,Work,TRUE
100266,10266,114,3.338466551,50.07699827,Loyal,Home,TRUE
100592,10592,15,52.76816373,131.9204093,Loyal,School,FALSE
100644,10644,8,2.882294094,43.23441142,Uncommited,School,TRUE
100477,10477,107,55.62657448,139.0664362,Disloyal,Home,FALSE
100077,10077,102,66.64547928,166.6136982,Uncommited,School,TRUE
100596,10596,102,2.928130432,43.92195647,Uncommited,Work,FALSE
100411,10411,94,3.156684397,47.35026595,Uncommited,Home,TRUE
101080,11080,117,33.28231436,99.84694307,Loyal,School,TRUE
100374,10374,34,57.53119416,143.8279854,Loyal,Work,TRUE
100244,10244,14,60.47775434,151.1943858,Disloyal,Home,FALSE
100029,10029,38,3.890136574,58.35204861,Uncommited,Work,FALSE
100711,10711,54,47.66954427,143.0086328,Uncommited,School,TRUE
100122,10122,120,64.26740321,160.668508,Uncommited,Home,TRUE
100721,10721,113,25.14564573,251.4564573,Disloyal,School,FALSE
100901,10901,109,46.00003726,115.0000931,Loyal,Home,FALSE
100159,10159,6,3.507363943,52.61045915,Disloyal,School,TRUE
100945,10945,31,42.23994615,126.7198385,Loyal,School,FALSE
100992,10992,92,2.370479441,35.55719162,Loyal,Work,FALSE
100468,10468,91,55.82051007,139.5512752,Disloyal,School,TRUE
100126,10126,91,64.00784186,160.0196047,Disloyal,Home,FALSE
100941,10941,84,42.3874513,127.1623539,Uncommited,School,FALSE
100750,10750,119,49.4650855,123.6627138,Loyal,School,FALSE
100803,10803,51,2.68416125,40.26241875,Uncommited,Home,FALSE
100645,10645,107,51.87184076,129.6796019,Disloyal,School,FALSE
100441,10441,115,56.15093999,140.37735,Uncommited,School,TRUE
100424,10424,56,3.138999721,47.08499582,Uncommited,School,FALSE
101082,11082,96,34.83821263,87.09553158,Loyal,Work,FALSE
100579,10579,118,2.941705683,44.12558524,Uncommited,School,FALSE
100791,10791,76,48.48634723,121.2158681,Uncommited,School,TRUE
100665,10665,71,51.40248636,128.5062159,Loyal,School,FALSE
100771,10771,13,48.9480989,122.3702473,Disloyal,Work,FALSE
100175,10175,97,3.482519929,52.23779893,Uncommited,Work,FALSE
100320,10320,44,3.264553247,48.9682987,Loyal,Work,FALSE
100121,10121,3,64.32158831,160.8039708,Disloyal,Home,FALSE
100222,10222,39,3.395559727,50.93339591,Uncommited,School,FALSE
100788,10788,11,48.65227861,121.6306965,Disloyal,Work,FALSE
100026,10026,12,3.918789671,58.78184506,Uncommited,School,TRUE
100874,10874,113,46.72900769,116.8225192,Disloyal,School,FALSE
100131,10131,119,63.94690465,159.8672616,Disloyal,School,FALSE
100652,10652,74,48.82023207,146.4606962,Loyal,Work,TRUE
100814,10814,69,2.671236893,40.0685534,Loyal,School,TRUE
100649,10649,45,2.876656687,43.14985031,Loyal,Home,FALSE
100419,10419,51,53.55439809,160.6631943,Uncommited,Home,FALSE
100558,10558,23,53.5820284,133.955071,Disloyal,Work,TRUE
100158,10158,36,63.16695951,157.9173988,Disloyal,School,FALSE
100016,10016,60,4.051199022,60.76798533,Disloyal,School,TRUE
100633,10633,75,49.15954,147.47862,Loyal,School,FALSE
100185,10185,67,31.15252988,311.5252988,Disloyal,Home,TRUE
100626,10626,48,52.20124263,130.5031066,Loyal,School,TRUE
100797,10797,17,48.42976204,121.0744051,Loyal,Work,TRUE
101091,11091,62,32.05399383,80.13498457,Loyal,School,TRUE
100838,10838,60,2.648196349,39.72294524,Disloyal,Home,TRUE
100400,10400,45,57.06658513,142.6664628,Uncommited,Home,TRUE
100248,10248,16,3.355584375,50.33376562,Uncommited,Work,FALSE
100337,10337,9,29.16252141,291.6252141,Uncommited,Home,TRUE
101063,11063,60,37.38638435,93.46596088,Loyal,Work,TRUE
100395,10395,106,57.1220059,142.8050148,Disloyal,Home,TRUE
100265,10265,116,3.339939782,50.09909673,Loyal,Work,FALSE
101023,11023,39,38.44414866,115.332446,Uncommited,School,FALSE
101024,11024,66,38.41225791,115.2367737,Loyal,Home,FALSE
100415,10415,65,28.38468538,283.8468538,Disloyal,School,TRUE
100161,10161,67,3.504670756,52.57006134,Loyal,Work,TRUE
100940,10940,105,42.39750514,127.1925154,Uncommited,Home,TRUE
100773,10773,39,2.716571664,40.74857496,Disloyal,Home,FALSE
100530,10530,32,51.14203509,153.4261053,Uncommited,Home,TRUE
100171,10171,102,3.490172274,52.35258411,Loyal,Work,FALSE
100409,10409,22,53.70124219,161.1037266,Loyal,Work,FALSE
100744,10744,79,2.764004273,41.4600641,Uncommited,Home,FALSE
101032,11032,30,40.09314203,100.2328551,Disloyal,Work,FALSE
100994,10994,68,2.368382831,35.52574247,Loyal,Home,FALSE
100724,10724,39,2.791408185,41.87112278,Disloyal,Home,FALSE
100235,10235,89,3.374608666,50.61912998,Loyal,Home,TRUE
100036,10036,21,34.85008528,348.5008528,Uncommited,School,TRUE
100253,10253,71,3.352324843,50.28487265,Loyal,Work,FALSE
100465,10465,114,55.87970316,139.6992579,Uncommited,Work,FALSE
100598,10598,8,49.75523489,149.2657047,Disloyal,Work,TRUE
100616,10616,75,2.907639602,43.61459403,Disloyal,Work,FALSE
101092,11092,109,29.84231171,89.52693512,Loyal,School,FALSE
100532,10532,39,3.008174598,45.12261897,Loyal,Home,FALSE
100124,10124,19,64.239664,160.59916,Loyal,Home,TRUE
100051,10051,45,34.50255867,345.0255867,Uncommited,Work,FALSE
100780,10780,83,48.80009703,122.0002426,Disloyal,Home,TRUE
100751,10751,86,2.747495216,41.21242823,Uncommited,School,TRUE
100676,10676,88,2.839425019,42.59137529,Disloyal,Home,FALSE
100472,10472,12,55.7869979,139.4674948,Uncommited,Work,TRUE
100581,10581,55,2.940144589,44.10216883,Disloyal,Home,FALSE
100694,10694,111,2.825990107,42.3898516,Disloyal,Work,FALSE
100726,10726,119,50.22023792,125.5505948,Uncommited,Home,TRUE
100758,10758,80,49.36215896,123.4053974,Disloyal,Work,FALSE
100564,10564,43,53.47991301,133.6997825,Loyal,Work,FALSE
100211,10211,44,3.410989908,51.16484862,Disloyal,Work,TRUE
100191,10191,55,30.98812294,309.8812294,Uncommited,Work,TRUE
100295,10295,24,59.41406598,148.5351649,Uncommited,School,FALSE
100544,10544,50,2.991555241,44.87332861,Disloyal,School,FALSE
101057,11057,25,36.29417275,108.8825182,Uncommited,Work,FALSE
100332,10332,99,29.20996208,292.0996208,Loyal,Work,FALSE
100328,10328,99,58.54700592,146.3675148,Uncommited,Work,TRUE
100228,10228,108,60.86560773,152.1640193,Uncommited,Home,TRUE
100709,10709,20,2.809694272,42.14541408,Disloyal,Work,TRUE
100889,10889,20,46.26774228,115.6693557,Loyal,Home,TRUE
100141,10141,91,3.537295609,53.05943413,Uncommited,School,FALSE
101093,11093,17,31.58786463,78.96966157,Loyal,Home,TRUE
100261,10261,2,60.20789618,150.5197405,Loyal,Home,TRUE
100020,10020,29,36.21274876,362.1274876,Loyal,Work,TRUE
100022,10022,66,3.995749855,59.93624782,Disloyal,School,FALSE
100852,10852,88,2.630251339,39.45377008,Uncommited,School,FALSE
100968,10968,23,2.434647445,36.51971168,Uncommited,Work,TRUE
101033,11033,74,37.80914028,113.4274208,Uncommited,School,TRUE
100061,10061,35,33.99575219,339.9575219,Loyal,Home,FALSE
100609,10609,31,52.45246342,131.1311586,Loyal,Work,FALSE
100440,10440,85,3.119943609,46.79915413,Disloyal,Home,TRUE
100731,10731,35,50.14179478,125.3544869,Disloyal,Work,FALSE
100972,10972,99,41.26393379,123.7918014,Disloyal,Work,TRUE
100520,10520,18,3.032041104,45.48061656,Loyal,School,TRUE
100582,10582,108,2.940095472,44.10143208,Disloyal,School,TRUE
100561,10561,63,53.54869504,133.8717376,Uncommited,Home,TRUE
100181,10181,50,62.46298067,156.1574517,Disloyal,Work,TRUE
100065,10065,86,67.76818765,169.4204691,Disloyal,School,TRUE
101070,11070,61,36.68812367,91.72030917,Disloyal,Home,TRUE
100152,10152,39,3.517733366,52.7660005,Disloyal,School,TRUE
100631,10631,27,2.896710347,43.45065521,Disloyal,School,TRUE
100938,10938,6,42.43855574,127.3156672,Uncommited,School,TRUE
100297,10297,22,3.294334971,49.41502457,Uncommited,School,TRUE
101018,11018,93,40.9318703,102.3296757,Disloyal,School,TRUE
101044,11044,18,37.24541974,111.7362592,Uncommited,Work,FALSE
100850,10850,17,47.39754397,118.4938599,Uncommited,School,FALSE
100017,10017,93,4.051042423,60.76563635,Loyal,Work,FALSE
101034,11034,37,37.70910455,113.1273137,Uncommited,School,TRUE
100511,10511,4,54.90970701,137.2742675,Disloyal,Home,TRUE
100829,10829,27,47.77603942,119.4400986,Uncommited,Work,TRUE
100907,10907,65,45.84959234,114.6239809,Uncommited,School,FALSE
100531,10531,99,27.07414761,270.7414761,Uncommited,Home,FALSE
100960,10960,84,2.459335087,36.8900263,Disloyal,Home,FALSE
100855,10855,89,47.23913784,118.0978446,Disloyal,Work,TRUE
100245,10245,88,57.10865564,171.3259669,Uncommited,Work,TRUE
100845,10845,103,47.51647626,118.7911906,Disloyal,Home,FALSE
100672,10672,51,2.845141713,42.6771257,Loyal,Work,TRUE
100392,10392,120,28.57565343,285.7565343,Uncommited,Work,FALSE
100167,10167,7,62.9641874,157.4104685,Loyal,Work,TRUE
100641,10641,59,51.93669174,129.8417294,Uncommited,School,TRUE
101025,11025,26,40.51222621,101.2805655,Loyal,Work,FALSE
100599,10599,97,49.7484247,149.2452741,Disloyal,Work,TRUE
100513,10513,23,3.046941904,45.70412856,Uncommited,School,FALSE
100046,10046,106,3.847462689,57.71194034,Loyal,Work,FALSE
100360,10360,4,3.212764946,48.19147418,Disloyal,Work,TRUE
100218,10218,100,3.402086624,51.03129936,Loyal,School,TRUE
100917,10917,5,22.8426305,228.426305,Disloyal,School,FALSE
100892,10892,11,2.565768768,38.48653152,Uncommited,Home,TRUE
100553,10553,96,2.979731956,44.69597934,Disloyal,School,FALSE
100186,10186,110,31.13227277,311.3227277,Disloyal,Home,FALSE
100365,10365,50,28.86285538,288.6285538,Disloyal,Home,FALSE
100127,10127,120,3.555427683,53.33141524,Disloyal,School,TRUE
100410,10410,78,56.85865516,142.1466379,Disloyal,Work,FALSE
100683,10683,56,51.02155449,127.5538862,Loyal,Work,TRUE
101001,11001,26,42.05047957,105.1261989,Uncommited,Home,TRUE
100455,10455,44,3.110450239,46.65675359,Loyal,School,FALSE
100054,10054,57,3.81538144,57.2307216,Uncommited,School,FALSE
100157,10157,17,3.510189646,52.65284469,Uncommited,Home,TRUE
100937,10937,89,44.94097162,112.352429,Uncommited,Work,FALSE
100087,10087,72,3.68522298,55.27834469,Loyal,School,FALSE
100349,10349,33,3.227039155,48.40558733,Uncommited,Work,TRUE
100291,10291,115,59.55630567,148.8907642,Uncommited,Home,FALSE
100524,10524,75,3.021141083,45.31711624,Uncommited,School,TRUE
100140,10140,99,3.537891728,53.06837592,Uncommited,Work,FALSE
100778,10778,105,2.712210682,40.68316023,Loyal,Home,FALSE
100722,10722,34,2.792360642,41.88540964,Loyal,School,TRUE
100887,10887,81,46.3107522,115.7768805,Loyal,Work,TRUE
100670,10670,10,51.26419624,128.1604906,Disloyal,Work,TRUE
100406,10406,18,3.163064132,47.44596199,Loyal,School,FALSE
100519,10519,9,3.032143242,45.48214862,Loyal,School,TRUE
100234,10234,80,30.37878938,303.7878938,Disloyal,Work,TRUE
101068,11068,54,36.70551854,91.76379636,Loyal,Work,FALSE
100984,10984,31,2.402929569,36.04394354,Disloyal,Home,TRUE
100810,10810,56,2.676331111,40.14496666,Uncommited,Home,TRUE
100517,10517,45,3.036395125,45.54592687,Loyal,Home,FALSE
100922,10922,10,45.62200415,114.0550104,Loyal,School,TRUE
100790,10790,74,48.54326348,121.3581587,Disloyal,Work,TRUE
100923,10923,33,43.0853786,129.2561358,Disloyal,Work,TRUE
100145,10145,77,3.526219791,52.89329687,Loyal,School,FALSE
100028,10028,36,70.09479882,175.236997,Uncommited,Work,FALSE
101090,11090,6,1.780869287,26.71303931,Uncommited,Work,FALSE
100789,10789,99,48.54437159,121.360929,Disloyal,Work,FALSE
100189,10189,114,3.447137964,51.70706946,Uncommited,School,FALSE
100452,10452,120,56.03878829,140.0969707,Loyal,School,TRUE
100290,10290,6,29.80736841,298.0736841,Uncommited,Home,TRUE
101055,11055,22,36.43460028,109.3038008,Loyal,Work,TRUE
100130,10130,104,3.553622726,53.30434089,Loyal,Home,FALSE
100900,10900,9,43.47305801,130.419174,Uncommited,Work,TRUE
100329,10329,111,58.43704723,146.0926181,Loyal,Home,TRUE
100893,10893,24,2.565734335,38.48601503,Loyal,School,FALSE
100740,10740,34,49.90134419,124.7533605,Uncommited,School,FALSE
100914,10914,50,45.70374622,114.2593656,Disloyal,Home,FALSE
100902,10902,7,45.97076254,114.9269063,Uncommited,Home,TRUE
101012,11012,11,41.33454524,103.3363631,Uncommited,School,TRUE
100805,10805,9,45.60847778,136.8254333,Loyal,School,FALSE
100390,10390,109,3.179347193,47.6902079,Disloyal,Home,TRUE
100745,10745,34,49.61725456,124.0431364,Disloyal,School,TRUE
100200,10200,109,30.84687176,308.4687176,Uncommited,Work,FALSE
100383,10383,23,57.37378349,143.4344587,Disloyal,School,TRUE
100442,10442,103,3.117771475,46.76657212,Disloyal,Home,TRUE
100942,10942,13,42.34564546,127.0369364,Disloyal,Home,TRUE
100512,10512,103,54.84510319,137.112758,Loyal,School,TRUE
100776,10776,29,48.873059,122.1826475,Loyal,School,FALSE
100839,10839,114,2.647390294,39.71085442,Uncommited,Home,TRUE
100908,10908,67,45.82898685,114.5724671,Loyal,School,FALSE
100229,10229,32,3.379668733,50.695031,Disloyal,Work,TRUE
101071,11071,116,36.65331615,91.63329038,Disloyal,School,TRUE
100263,10263,38,60.14835048,150.3708762,Loyal,Home,FALSE
100333,10333,18,3.245276869,48.67915303,Loyal,Home,FALSE
100149,10149,119,63.40642312,158.5160578,Loyal,Work,FALSE
100323,10323,110,29.36855251,293.6855251,Disloyal,School,FALSE
100037,10037,20,3.869576258,58.04364387,Disloyal,School,FALSE
100366,10366,111,3.205610286,48.0841543,Disloyal,Home,FALSE
100640,10640,87,51.93716461,129.8429115,Disloyal,Work,TRUE
101062,11062,24,37.5524528,93.881132,Uncommited,Work,TRUE
100273,10273,24,59.9495279,149.8738198,Loyal,Home,FALSE
100488,10488,67,55.34497032,138.3624258,Loyal,Work,TRUE
100737,10737,17,2.776750506,41.65125759,Uncommited,School,FALSE
100394,10394,46,57.13020677,142.8255169,Loyal,School,FALSE
101085,11085,99,34.12830329,85.32075823,Disloyal,Work,TRUE
100492,10492,97,55.2862781,138.2156952,Uncommited,Home,FALSE
100982,10982,22,2.403427201,36.05140802,Loyal,Work,TRUE
100529,10529,77,27.08659917,270.8659917,Uncommited,Home,FALSE
100354,10354,65,57.99244422,144.9811105,Disloyal,Home,TRUE
100386,10386,52,3.186139919,47.79209879,Disloyal,Work,TRUE
100876,10876,63,46.67146341,116.6786585,Loyal,Home,FALSE
100123,10123,30,32.12807279,321.2807279,Disloyal,Work,TRUE
100014,10014,58,4.081108565,61.21662847,Uncommited,School,FALSE
100079,10079,19,3.696082851,55.44124277,Loyal,School,TRUE
100638,10638,119,51.94852952,129.8713238,Disloyal,Work,FALSE
100794,10794,90,48.45048933,121.1262233,Uncommited,School,FALSE
100555,10555,118,2.978256298,44.67384447,Loyal,Home,TRUE
100591,10591,77,26.38800627,263.8800627,Loyal,Work,FALSE
101061,11061,31,37.62655305,94.06638263,Uncommited,Work,TRUE
100485,10485,112,3.077915687,46.16873531,Loyal,Home,TRUE
101009,11009,18,41.70390295,104.2597574,Disloyal,Work,FALSE
100949,10949,105,42.12514394,126.3754318,Uncommited,Work,TRUE
100620,10620,112,52.23974173,130.5993543,Disloyal,Home,FALSE
100518,10518,63,3.036287495,45.54431243,Disloyal,Work,FALSE
100595,10595,70,52.7069018,131.7672545,Loyal,Home,TRUE
100373,10373,85,3.197415938,47.96123906,Uncommited,School,TRUE
101069,11069,105,36.69451793,91.73629483,Loyal,School,TRUE
100550,10550,24,50.70673051,152.1201915,Disloyal,School,FALSE
100353,10353,5,54.78817886,164.3645366,Loyal,School,FALSE
100556,10556,63,2.976985346,44.65478019,Loyal,School,TRUE
100674,10674,40,51.19323805,127.9830951,Disloyal,Home,FALSE
100252,10252,117,56.99869834,170.996095,Disloyal,Home,TRUE
100307,10307,81,3.281927656,49.22891484,Disloyal,Home,TRUE
101100,11100,120,26.89341269,67.23353172,Disloyal,Home,TRUE
100284,10284,78,29.87081638,298.7081638,Disloyal,School,TRUE
100397,10397,103,3.1720725,47.58108751,Uncommited,Work,TRUE
100593,10593,119,52.75828815,131.8957204,Uncommited,School,TRUE
100718,10718,105,50.33805123,125.8451281,Disloyal,School,FALSE
100983,10983,70,40.8556723,122.5670169,Disloyal,Work,TRUE
